INSERT INTO `pf_user_role`(`USER_ID`, `ROLE_ID`, `IS_DEFAULT`)
VALUES ('17c45ace-ffdc-406f-ad17-452325eb9de9', '8be9cb3e-ba60-485c-92e3-cef49ee67572', '1');
INSERT INTO `pf_user_role`(`USER_ID`, `ROLE_ID`, `IS_DEFAULT`)
VALUES ('27d07140-534a-4ae7-8857-6399f205a23f', '8be9cb3e-ba60-485c-92e3-cef49ee67572', '1');
INSERT INTO `pf_user_role`(`USER_ID`, `ROLE_ID`, `IS_DEFAULT`)
VALUES ('2e06cfd9-7255-417b-9acb-28cbdf4109bb', 'b6e3c884-0b9d-43ec-9c2f-6b9f4edd50e0', 'false');
INSERT INTO `pf_user_role`(`USER_ID`, `ROLE_ID`, `IS_DEFAULT`)
VALUES ('323b89a7-3c2d-4e49-937f-dcf34c828083', '8be9cb3e-ba60-485c-92e3-cef49ee67572', '1');
INSERT INTO `pf_user_role`(`USER_ID`, `ROLE_ID`, `IS_DEFAULT`)
VALUES ('3dbec545-7241-42c4-9f3e-ca3a6e629217', '8be9cb3e-ba60-485c-92e3-cef49ee67572', '1');
INSERT INTO `pf_user_role`(`USER_ID`, `ROLE_ID`, `IS_DEFAULT`)
VALUES ('43b97f4b-7dd4-4dbd-bd12-5be431b4f169', 'b6e3c884-0b9d-43ec-9c2f-6b9f4edd50e0', 'true');
INSERT INTO `pf_user_role`(`USER_ID`, `ROLE_ID`, `IS_DEFAULT`)
VALUES ('a4e08173-6fb1-4cd6-8fda-98ac4313f9f5', 'b6e3c884-0b9d-43ec-9c2f-6b9f4edd50e0', 'true');
INSERT INTO `pf_user_role`(`USER_ID`, `ROLE_ID`, `IS_DEFAULT`)
VALUES ('aedd0869-1644-4969-82ff-cc407e860055', '8be9cb3e-ba60-485c-92e3-cef49ee67572', 'false');
INSERT INTO `pf_user_role`(`USER_ID`, `ROLE_ID`, `IS_DEFAULT`)
VALUES ('b47880db-edfe-40c8-a64f-cf543d4598d8', 'b6e3c884-0b9d-43ec-9c2f-6b9f4edd50e0', NULL);
INSERT INTO `pf_user_role`(`USER_ID`, `ROLE_ID`, `IS_DEFAULT`)
VALUES ('bf01e732-2fb7-4833-b902-2885a6b95048', '8be9cb3e-ba60-485c-92e3-cef49ee67572', '1');
INSERT INTO `pf_user_role`(`USER_ID`, `ROLE_ID`, `IS_DEFAULT`)
VALUES ('f41610e2-11ed-44b3-8df2-13646b5070ec', '8be9cb3e-ba60-485c-92e3-cef49ee67572', '1');
INSERT INTO `pf_user_role`(`USER_ID`, `ROLE_ID`, `IS_DEFAULT`)
VALUES ('fb2c7103-8b64-4d72-9d28-0436f5cc03e8', 'b6e3c884-0b9d-43ec-9c2f-6b9f4edd50e0', 'true');

INSERT INTO `pf_user_password`(`USER_ID`, `MODI_TIME`, `PASSWORD`, `USE_FLAG`)
VALUES ('17c45ace-ffdc-406f-ad17-452325eb9de9', -1, '+2f0F6HW9MTCmExzo5C0C0oL8VFW9Jg4BnGT/VfPetDRt9Jbr5PLrEMO3+iqXePT', '1');
INSERT INTO `pf_user_password`(`USER_ID`, `MODI_TIME`, `PASSWORD`, `USE_FLAG`)
VALUES ('27d07140-534a-4ae7-8857-6399f205a23f', -1, 'NtU6b10hKU6gUOV9resOHLOdqQlNungfpa8Lw3T2uLfiUw54wHnDHCuGpeWJaBPE', '1');
INSERT INTO `pf_user_password`(`USER_ID`, `MODI_TIME`, `PASSWORD`, `USE_FLAG`)
VALUES ('2e06cfd9-7255-417b-9acb-28cbdf4109bb', -1, 'jVZg0ksztUmRIQBjQVzBUWv1SA/B/cqrzJ5ZerSqLGNxzdim98RDoFZdwGuGwQ92', '1');
INSERT INTO `pf_user_password`(`USER_ID`, `MODI_TIME`, `PASSWORD`, `USE_FLAG`)
VALUES ('323b89a7-3c2d-4e49-937f-dcf34c828083', -1, 'HapqEJi1HiQFKqdJgI4Vc2WXKtu/FdTc9zd0+ro5LbMVUpi0uCnzTBbYR3LTXY+w', '1');
INSERT INTO `pf_user_password`(`USER_ID`, `MODI_TIME`, `PASSWORD`, `USE_FLAG`)
VALUES ('3dbec545-7241-42c4-9f3e-ca3a6e629217', -1, 'n6S3vzrA5lHG8clp6IlJXkaE5PUUhEUGI3oUExazaHm7/rImJNd0gFInmkwJSfHk', '1');
INSERT INTO `pf_user_password`(`USER_ID`, `MODI_TIME`, `PASSWORD`, `USE_FLAG`)
VALUES ('43b97f4b-7dd4-4dbd-bd12-5be431b4f169', -1, 'nKQvwMzwD45vSQk+OMIZzvX2pSob1/I1I5pjBcCRwjX4DRvVT8ses9umseAlVQSh', '1');
INSERT INTO `pf_user_password`(`USER_ID`, `MODI_TIME`, `PASSWORD`, `USE_FLAG`)
VALUES ('a4e08173-6fb1-4cd6-8fda-98ac4313f9f5', -1, 'sHKTTXBQkBNJh1lBrWqWiLcvWKaBsMYVnIUkpGmDXCOcnPE2F+UxGQOYSh0+x5Bx', '1');
INSERT INTO `pf_user_password`(`USER_ID`, `MODI_TIME`, `PASSWORD`, `USE_FLAG`)
VALUES ('aedd0869-1644-4969-82ff-cc407e860055', -1, 'CLJcthMfUWde8T+7vNQ0bGc2p8SSj3tXZ9qwb0jpEpKttnDGhlXlOt+GhrSpsHq2', '1');
INSERT INTO `pf_user_password`(`USER_ID`, `MODI_TIME`, `PASSWORD`, `USE_FLAG`)
VALUES ('b47880db-edfe-40c8-a64f-cf543d4598d8', -1, 'z8hxhk2tneIqR5GRR7OuH0j7HpK+EqksrvXrNVHGqU5ukRYt5QrQqAJX417covDu', '1');
INSERT INTO `pf_user_password`(`USER_ID`, `MODI_TIME`, `PASSWORD`, `USE_FLAG`)
VALUES ('bf01e732-2fb7-4833-b902-2885a6b95048', -1, 'u04HB8Mk6k9bH3oTwGZj+hbne5NM8Z6JEhfhAZZLMfNAtxOX3MqLVy7CdJLJ+nW7', '1');
INSERT INTO `pf_user_password`(`USER_ID`, `MODI_TIME`, `PASSWORD`, `USE_FLAG`)
VALUES ('f41610e2-11ed-44b3-8df2-13646b5070ec', -1, 'GhMLvBWtTfao9Wu599viqPHva+JkT8KutIoqoQZjfBBCzy/MZFPFNq92TThnXbbV', '1');
INSERT INTO `pf_user_password`(`USER_ID`, `MODI_TIME`, `PASSWORD`, `USE_FLAG`)
VALUES ('fb2c7103-8b64-4d72-9d28-0436f5cc03e8', -1, '1knSNqPJBz5LFrPcSEli8d7NdLgTeSEp1P5cdgfpgLeJQ/y+owuffUmDLe6nY7dd', '1');

INSERT INTO `pf_user`(`USER_ID`, `USER_NAME`, `SHOW_NAME`, `ORG_ID`, `IDENTITY_TYPE`, `IDENTITY_ID`, `MOBILE`, `EMAIL`, `APP_ID`)
VALUES ('17c45ace-ffdc-406f-ad17-452325eb9de9', 'averyzhang', '张作峰', '18436', NULL, NULL, NULL, NULL, '1');
INSERT INTO `pf_user`(`USER_ID`, `USER_NAME`, `SHOW_NAME`, `ORG_ID`, `IDENTITY_TYPE`, `IDENTITY_ID`, `MOBILE`, `EMAIL`, `APP_ID`)
VALUES ('27d07140-534a-4ae7-8857-6399f205a23f', 'tianxiabai', '白天侠', '18436', NULL, NULL, NULL, NULL, '1');
INSERT INTO `pf_user`(`USER_ID`, `USER_NAME`, `SHOW_NAME`, `ORG_ID`, `IDENTITY_TYPE`, `IDENTITY_ID`, `MOBILE`, `EMAIL`, `APP_ID`)
VALUES ('2e06cfd9-7255-417b-9acb-28cbdf4109bb', 'lobbyluo', '罗潍红', '0000', NULL, NULL, '75490', 'lobbyluo@tencent.com', '1');
INSERT INTO `pf_user`(`USER_ID`, `USER_NAME`, `SHOW_NAME`, `ORG_ID`, `IDENTITY_TYPE`, `IDENTITY_ID`, `MOBILE`, `EMAIL`, `APP_ID`)
VALUES ('323b89a7-3c2d-4e49-937f-dcf34c828083', 'yunquanliu', '刘运全', '18436', NULL, NULL, NULL, NULL, '1');
INSERT INTO `pf_user`(`USER_ID`, `USER_NAME`, `SHOW_NAME`, `ORG_ID`, `IDENTITY_TYPE`, `IDENTITY_ID`, `MOBILE`, `EMAIL`, `APP_ID`)
VALUES ('3dbec545-7241-42c4-9f3e-ca3a6e629217', 'saintwen', '温浩胜', '18436', NULL, NULL, NULL, NULL, '1');
INSERT INTO `pf_user`(`USER_ID`, `USER_NAME`, `SHOW_NAME`, `ORG_ID`, `IDENTITY_TYPE`, `IDENTITY_ID`, `MOBILE`, `EMAIL`, `APP_ID`)
VALUES ('43b97f4b-7dd4-4dbd-bd12-5be431b4f169', 'admin', '管理员', '0000', NULL, NULL, '136********', 'admin@tencent.com', '1');
INSERT INTO `pf_user`(`USER_ID`, `USER_NAME`, `SHOW_NAME`, `ORG_ID`, `IDENTITY_TYPE`, `IDENTITY_ID`, `MOBILE`, `EMAIL`, `APP_ID`)
VALUES ('a4e08173-6fb1-4cd6-8fda-98ac4313f9f5', 'andyslin', '林济松', '0000', NULL, NULL, '13613019344/79350', 'andyslin@tencent.com', '1');
INSERT INTO `pf_user`(`USER_ID`, `USER_NAME`, `SHOW_NAME`, `ORG_ID`, `IDENTITY_TYPE`, `IDENTITY_ID`, `MOBILE`, `EMAIL`, `APP_ID`)
VALUES ('aedd0869-1644-4969-82ff-cc407e860055', 'dev', '开发人员', '0000', NULL, NULL, '156********', 'dev@tencent.com', '1');
INSERT INTO `pf_user`(`USER_ID`, `USER_NAME`, `SHOW_NAME`, `ORG_ID`, `IDENTITY_TYPE`, `IDENTITY_ID`, `MOBILE`, `EMAIL`, `APP_ID`)
VALUES ('b47880db-edfe-40c8-a64f-cf543d4598d8', 'hankchen', '陈少清', '0000', NULL, NULL, '83645', 'hankchen@tencent.com', '1');
INSERT INTO `pf_user`(`USER_ID`, `USER_NAME`, `SHOW_NAME`, `ORG_ID`, `IDENTITY_TYPE`, `IDENTITY_ID`, `MOBILE`, `EMAIL`, `APP_ID`)
VALUES ('bf01e732-2fb7-4833-b902-2885a6b95048', 'jayxjwu', '巫晓杰', '18436', NULL, NULL, NULL, NULL, '1');
INSERT INTO `pf_user`(`USER_ID`, `USER_NAME`, `SHOW_NAME`, `ORG_ID`, `IDENTITY_TYPE`, `IDENTITY_ID`, `MOBILE`, `EMAIL`, `APP_ID`)
VALUES ('f41610e2-11ed-44b3-8df2-13646b5070ec', 'casseyhan', '韩可心', '18436', NULL, NULL, NULL, NULL, '1');
INSERT INTO `pf_user`(`USER_ID`, `USER_NAME`, `SHOW_NAME`, `ORG_ID`, `IDENTITY_TYPE`, `IDENTITY_ID`, `MOBILE`, `EMAIL`, `APP_ID`)
VALUES ('fb2c7103-8b64-4d72-9d28-0436f5cc03e8', 'xingtulan', '兰兴土', '18436', NULL, NULL, '', '', '1');


INSERT INTO `pf_role_perm`(`ROLE_ID`, `PERM_ID`, `DATA_LEVEL`)
VALUES ('663686c4-1e77-479c-9706-c65767edae6b', '11d68c48-0c02-4d7c-ad36-2aaf3b5b9806', 0);
INSERT INTO `pf_role_perm`(`ROLE_ID`, `PERM_ID`, `DATA_LEVEL`)
VALUES ('663686c4-1e77-479c-9706-c65767edae6b', '1d944201-a76d-45c9-b589-7e9816e20b63', 0);
INSERT INTO `pf_role_perm`(`ROLE_ID`, `PERM_ID`, `DATA_LEVEL`)
VALUES ('663686c4-1e77-479c-9706-c65767edae6b', '398f3c2b-adb8-48de-b726-66c78992a34a', 0);
INSERT INTO `pf_role_perm`(`ROLE_ID`, `PERM_ID`, `DATA_LEVEL`)
VALUES ('663686c4-1e77-479c-9706-c65767edae6b', '4181290a-5fc5-4bcd-aca0-6ed92114a69e', 0);
INSERT INTO `pf_role_perm`(`ROLE_ID`, `PERM_ID`, `DATA_LEVEL`)
VALUES ('663686c4-1e77-479c-9706-c65767edae6b', '4871c980-470f-4868-a216-4a6bff433ac3', 0);
INSERT INTO `pf_role_perm`(`ROLE_ID`, `PERM_ID`, `DATA_LEVEL`)
VALUES ('663686c4-1e77-479c-9706-c65767edae6b', '4f07598f-f433-44c9-95ac-416fdfa0af4a', 0);
INSERT INTO `pf_role_perm`(`ROLE_ID`, `PERM_ID`, `DATA_LEVEL`)
VALUES ('663686c4-1e77-479c-9706-c65767edae6b', '517cbeb1-c8aa-44f2-8135-494b15181088', 0);
INSERT INTO `pf_role_perm`(`ROLE_ID`, `PERM_ID`, `DATA_LEVEL`)
VALUES ('663686c4-1e77-479c-9706-c65767edae6b', '5347ce68-f775-4964-a965-833d8e4e87ed', 0);
INSERT INTO `pf_role_perm`(`ROLE_ID`, `PERM_ID`, `DATA_LEVEL`)
VALUES ('663686c4-1e77-479c-9706-c65767edae6b', '59cf7143-2913-446a-93b8-212018f45c97', 0);
INSERT INTO `pf_role_perm`(`ROLE_ID`, `PERM_ID`, `DATA_LEVEL`)
VALUES ('663686c4-1e77-479c-9706-c65767edae6b', '6f4fb14e-f1a5-4894-89a8-feb3e1909946', 0);
INSERT INTO `pf_role_perm`(`ROLE_ID`, `PERM_ID`, `DATA_LEVEL`)
VALUES ('663686c4-1e77-479c-9706-c65767edae6b', '768b7143-ea94-4b3a-ae5e-85a871e4bcab', 0);
INSERT INTO `pf_role_perm`(`ROLE_ID`, `PERM_ID`, `DATA_LEVEL`)
VALUES ('663686c4-1e77-479c-9706-c65767edae6b', '7773d4b3-bcd1-49a1-879d-5f85317bc7d9', 0);
INSERT INTO `pf_role_perm`(`ROLE_ID`, `PERM_ID`, `DATA_LEVEL`)
VALUES ('663686c4-1e77-479c-9706-c65767edae6b', '83922049-925f-4f59-b520-b366b8d46ed1', 0);
INSERT INTO `pf_role_perm`(`ROLE_ID`, `PERM_ID`, `DATA_LEVEL`)
VALUES ('663686c4-1e77-479c-9706-c65767edae6b', '87155af2-32dc-4da5-9975-a55a2fbedb3c', 0);
INSERT INTO `pf_role_perm`(`ROLE_ID`, `PERM_ID`, `DATA_LEVEL`)
VALUES ('663686c4-1e77-479c-9706-c65767edae6b', '9351b9a0-8d45-4851-a66f-73d2f34340fd', 0);
INSERT INTO `pf_role_perm`(`ROLE_ID`, `PERM_ID`, `DATA_LEVEL`)
VALUES ('663686c4-1e77-479c-9706-c65767edae6b', 'a5bdccfc-eba6-447b-a4cc-810832a5fb06', 0);
INSERT INTO `pf_role_perm`(`ROLE_ID`, `PERM_ID`, `DATA_LEVEL`)
VALUES ('663686c4-1e77-479c-9706-c65767edae6b', 'a60f6f81-ae7f-4607-bb36-d028587bf101', 0);
INSERT INTO `pf_role_perm`(`ROLE_ID`, `PERM_ID`, `DATA_LEVEL`)
VALUES ('663686c4-1e77-479c-9706-c65767edae6b', 'ac38d170-f8d8-460d-9675-77a91ec93357', 0);
INSERT INTO `pf_role_perm`(`ROLE_ID`, `PERM_ID`, `DATA_LEVEL`)
VALUES ('663686c4-1e77-479c-9706-c65767edae6b', 'c53d95ff-e52b-4f1d-a7af-fe2a1be4f175', 0);
INSERT INTO `pf_role_perm`(`ROLE_ID`, `PERM_ID`, `DATA_LEVEL`)
VALUES ('663686c4-1e77-479c-9706-c65767edae6b', 'c63661e1-275c-456d-a4cf-9b136a9b22b2', 0);
INSERT INTO `pf_role_perm`(`ROLE_ID`, `PERM_ID`, `DATA_LEVEL`)
VALUES ('663686c4-1e77-479c-9706-c65767edae6b', 'cfed5829-45a5-409f-96ed-fa4a841de472', 0);
INSERT INTO `pf_role_perm`(`ROLE_ID`, `PERM_ID`, `DATA_LEVEL`)
VALUES ('663686c4-1e77-479c-9706-c65767edae6b', 'd5664dc1-9467-4d01-beaa-d331eb2edd69', 0);
INSERT INTO `pf_role_perm`(`ROLE_ID`, `PERM_ID`, `DATA_LEVEL`)
VALUES ('663686c4-1e77-479c-9706-c65767edae6b', 'dacde4a2-61d5-4490-8324-d4a373671c8c', 0);
INSERT INTO `pf_role_perm`(`ROLE_ID`, `PERM_ID`, `DATA_LEVEL`)
VALUES ('663686c4-1e77-479c-9706-c65767edae6b', 'e79a9bb9-36cc-4ecc-a40c-71e8fec2422f', 0);
INSERT INTO `pf_role_perm`(`ROLE_ID`, `PERM_ID`, `DATA_LEVEL`)
VALUES ('663686c4-1e77-479c-9706-c65767edae6b', 'edc0670a-cb75-45f6-bf3d-6c9c84374f49', 0);
INSERT INTO `pf_role_perm`(`ROLE_ID`, `PERM_ID`, `DATA_LEVEL`)
VALUES ('663686c4-1e77-479c-9706-c65767edae6b', 'fba2506d-dcd7-471b-b390-82da1146f3e3', 0);
INSERT INTO `pf_role_perm`(`ROLE_ID`, `PERM_ID`, `DATA_LEVEL`)
VALUES ('8be9cb3e-ba60-485c-92e3-cef49ee67572', '398f3c2b-adb8-48de-b726-66c78992a34a', 0);
INSERT INTO `pf_role_perm`(`ROLE_ID`, `PERM_ID`, `DATA_LEVEL`)
VALUES ('8be9cb3e-ba60-485c-92e3-cef49ee67572', '4181290a-5fc5-4bcd-aca0-6ed92114a69e', 0);
INSERT INTO `pf_role_perm`(`ROLE_ID`, `PERM_ID`, `DATA_LEVEL`)
VALUES ('8be9cb3e-ba60-485c-92e3-cef49ee67572', '4871c980-470f-4868-a216-4a6bff433ac3', 0);
INSERT INTO `pf_role_perm`(`ROLE_ID`, `PERM_ID`, `DATA_LEVEL`)
VALUES ('8be9cb3e-ba60-485c-92e3-cef49ee67572', '4f07598f-f433-44c9-95ac-416fdfa0af4a', 0);
INSERT INTO `pf_role_perm`(`ROLE_ID`, `PERM_ID`, `DATA_LEVEL`)
VALUES ('8be9cb3e-ba60-485c-92e3-cef49ee67572', '517cbeb1-c8aa-44f2-8135-494b15181088', 0);
INSERT INTO `pf_role_perm`(`ROLE_ID`, `PERM_ID`, `DATA_LEVEL`)
VALUES ('8be9cb3e-ba60-485c-92e3-cef49ee67572', '59cf7143-2913-446a-93b8-212018f45c97', 0);
INSERT INTO `pf_role_perm`(`ROLE_ID`, `PERM_ID`, `DATA_LEVEL`)
VALUES ('8be9cb3e-ba60-485c-92e3-cef49ee67572', '6f4fb14e-f1a5-4894-89a8-feb3e1909946', 0);
INSERT INTO `pf_role_perm`(`ROLE_ID`, `PERM_ID`, `DATA_LEVEL`)
VALUES ('8be9cb3e-ba60-485c-92e3-cef49ee67572', '768b7143-ea94-4b3a-ae5e-85a871e4bcab', 0);
INSERT INTO `pf_role_perm`(`ROLE_ID`, `PERM_ID`, `DATA_LEVEL`)
VALUES ('8be9cb3e-ba60-485c-92e3-cef49ee67572', '7773d4b3-bcd1-49a1-879d-5f85317bc7d9', 0);
INSERT INTO `pf_role_perm`(`ROLE_ID`, `PERM_ID`, `DATA_LEVEL`)
VALUES ('8be9cb3e-ba60-485c-92e3-cef49ee67572', '87155af2-32dc-4da5-9975-a55a2fbedb3c', 0);
INSERT INTO `pf_role_perm`(`ROLE_ID`, `PERM_ID`, `DATA_LEVEL`)
VALUES ('8be9cb3e-ba60-485c-92e3-cef49ee67572', 'a5bdccfc-eba6-447b-a4cc-810832a5fb06', 0);
INSERT INTO `pf_role_perm`(`ROLE_ID`, `PERM_ID`, `DATA_LEVEL`)
VALUES ('8be9cb3e-ba60-485c-92e3-cef49ee67572', 'a60f6f81-ae7f-4607-bb36-d028587bf101', 0);
INSERT INTO `pf_role_perm`(`ROLE_ID`, `PERM_ID`, `DATA_LEVEL`)
VALUES ('8be9cb3e-ba60-485c-92e3-cef49ee67572', 'ac38d170-f8d8-460d-9675-77a91ec93357', 0);
INSERT INTO `pf_role_perm`(`ROLE_ID`, `PERM_ID`, `DATA_LEVEL`)
VALUES ('8be9cb3e-ba60-485c-92e3-cef49ee67572', 'c63661e1-275c-456d-a4cf-9b136a9b22b2', 0);
INSERT INTO `pf_role_perm`(`ROLE_ID`, `PERM_ID`, `DATA_LEVEL`)
VALUES ('8be9cb3e-ba60-485c-92e3-cef49ee67572', 'cfed5829-45a5-409f-96ed-fa4a841de472', 0);
INSERT INTO `pf_role_perm`(`ROLE_ID`, `PERM_ID`, `DATA_LEVEL`)
VALUES ('8be9cb3e-ba60-485c-92e3-cef49ee67572', 'd5664dc1-9467-4d01-beaa-d331eb2edd69', 0);
INSERT INTO `pf_role_perm`(`ROLE_ID`, `PERM_ID`, `DATA_LEVEL`)
VALUES ('8be9cb3e-ba60-485c-92e3-cef49ee67572', 'dacde4a2-61d5-4490-8324-d4a373671c8c', 0);
INSERT INTO `pf_role_perm`(`ROLE_ID`, `PERM_ID`, `DATA_LEVEL`)
VALUES ('8be9cb3e-ba60-485c-92e3-cef49ee67572', 'edc0670a-cb75-45f6-bf3d-6c9c84374f49', 0);
INSERT INTO `pf_role_perm`(`ROLE_ID`, `PERM_ID`, `DATA_LEVEL`)
VALUES ('8be9cb3e-ba60-485c-92e3-cef49ee67572', 'ee01b8b4-a905-48d1-af32-d117602ada10', 0);
INSERT INTO `pf_role_perm`(`ROLE_ID`, `PERM_ID`, `DATA_LEVEL`)
VALUES ('8be9cb3e-ba60-485c-92e3-cef49ee67572', 'fba2506d-dcd7-471b-b390-82da1146f3e3', 0);
INSERT INTO `pf_role_perm`(`ROLE_ID`, `PERM_ID`, `DATA_LEVEL`)
VALUES ('b6e3c884-0b9d-43ec-9c2f-6b9f4edd50e0', '11d68c48-0c02-4d7c-ad36-2aaf3b5b9806', 0);
INSERT INTO `pf_role_perm`(`ROLE_ID`, `PERM_ID`, `DATA_LEVEL`)
VALUES ('b6e3c884-0b9d-43ec-9c2f-6b9f4edd50e0', '1245f6c2-22ff-4ccd-bc95-7072a5f26d3e', 0);
INSERT INTO `pf_role_perm`(`ROLE_ID`, `PERM_ID`, `DATA_LEVEL`)
VALUES ('b6e3c884-0b9d-43ec-9c2f-6b9f4edd50e0', '1d944201-a76d-45c9-b589-7e9816e20b63', 0);
INSERT INTO `pf_role_perm`(`ROLE_ID`, `PERM_ID`, `DATA_LEVEL`)
VALUES ('b6e3c884-0b9d-43ec-9c2f-6b9f4edd50e0', '3960278a-9587-48f9-9fd5-d69b0cd67861', 0);
INSERT INTO `pf_role_perm`(`ROLE_ID`, `PERM_ID`, `DATA_LEVEL`)
VALUES ('b6e3c884-0b9d-43ec-9c2f-6b9f4edd50e0', '398f3c2b-adb8-48de-b726-66c78992a34a', 0);
INSERT INTO `pf_role_perm`(`ROLE_ID`, `PERM_ID`, `DATA_LEVEL`)
VALUES ('b6e3c884-0b9d-43ec-9c2f-6b9f4edd50e0', '3ebf13e0-6d67-4c86-bc88-8d1947edd7a7', 0);
INSERT INTO `pf_role_perm`(`ROLE_ID`, `PERM_ID`, `DATA_LEVEL`)
VALUES ('b6e3c884-0b9d-43ec-9c2f-6b9f4edd50e0', '4181290a-5fc5-4bcd-aca0-6ed92114a69e', 0);
INSERT INTO `pf_role_perm`(`ROLE_ID`, `PERM_ID`, `DATA_LEVEL`)
VALUES ('b6e3c884-0b9d-43ec-9c2f-6b9f4edd50e0', '43520970-9635-4045-b92c-2a256da19316', 0);
INSERT INTO `pf_role_perm`(`ROLE_ID`, `PERM_ID`, `DATA_LEVEL`)
VALUES ('b6e3c884-0b9d-43ec-9c2f-6b9f4edd50e0', '43d2b7ee-23e6-4586-b73f-f3f2a8b2b16a', 0);
INSERT INTO `pf_role_perm`(`ROLE_ID`, `PERM_ID`, `DATA_LEVEL`)
VALUES ('b6e3c884-0b9d-43ec-9c2f-6b9f4edd50e0', '4425621d-f787-4531-899e-e4ba15115869', 0);
INSERT INTO `pf_role_perm`(`ROLE_ID`, `PERM_ID`, `DATA_LEVEL`)
VALUES ('b6e3c884-0b9d-43ec-9c2f-6b9f4edd50e0', '4871c980-470f-4868-a216-4a6bff433ac3', 0);
INSERT INTO `pf_role_perm`(`ROLE_ID`, `PERM_ID`, `DATA_LEVEL`)
VALUES ('b6e3c884-0b9d-43ec-9c2f-6b9f4edd50e0', '4ce1a31e-94bc-4162-a2cb-57cff67ad9f1', 0);
INSERT INTO `pf_role_perm`(`ROLE_ID`, `PERM_ID`, `DATA_LEVEL`)
VALUES ('b6e3c884-0b9d-43ec-9c2f-6b9f4edd50e0', '4f07598f-f433-44c9-95ac-416fdfa0af4a', 0);
INSERT INTO `pf_role_perm`(`ROLE_ID`, `PERM_ID`, `DATA_LEVEL`)
VALUES ('b6e3c884-0b9d-43ec-9c2f-6b9f4edd50e0', '517cbeb1-c8aa-44f2-8135-494b15181088', 0);
INSERT INTO `pf_role_perm`(`ROLE_ID`, `PERM_ID`, `DATA_LEVEL`)
VALUES ('b6e3c884-0b9d-43ec-9c2f-6b9f4edd50e0', '5347ce68-f775-4964-a965-833d8e4e87ed', 0);
INSERT INTO `pf_role_perm`(`ROLE_ID`, `PERM_ID`, `DATA_LEVEL`)
VALUES ('b6e3c884-0b9d-43ec-9c2f-6b9f4edd50e0', '59cf7143-2913-446a-93b8-212018f45c97', 0);
INSERT INTO `pf_role_perm`(`ROLE_ID`, `PERM_ID`, `DATA_LEVEL`)
VALUES ('b6e3c884-0b9d-43ec-9c2f-6b9f4edd50e0', '5db99a9b-3223-475d-8113-9b176989e57b', 0);
INSERT INTO `pf_role_perm`(`ROLE_ID`, `PERM_ID`, `DATA_LEVEL`)
VALUES ('b6e3c884-0b9d-43ec-9c2f-6b9f4edd50e0', '6f4fb14e-f1a5-4894-89a8-feb3e1909946', 0);
INSERT INTO `pf_role_perm`(`ROLE_ID`, `PERM_ID`, `DATA_LEVEL`)
VALUES ('b6e3c884-0b9d-43ec-9c2f-6b9f4edd50e0', '7342ca7c-44e5-406e-af09-bc1a9d864b29', 0);
INSERT INTO `pf_role_perm`(`ROLE_ID`, `PERM_ID`, `DATA_LEVEL`)
VALUES ('b6e3c884-0b9d-43ec-9c2f-6b9f4edd50e0', '75e4f376-b50f-4080-bca7-09cbfa1b792a', 0);
INSERT INTO `pf_role_perm`(`ROLE_ID`, `PERM_ID`, `DATA_LEVEL`)
VALUES ('b6e3c884-0b9d-43ec-9c2f-6b9f4edd50e0', '768b7143-ea94-4b3a-ae5e-85a871e4bcab', 0);
INSERT INTO `pf_role_perm`(`ROLE_ID`, `PERM_ID`, `DATA_LEVEL`)
VALUES ('b6e3c884-0b9d-43ec-9c2f-6b9f4edd50e0', '7773d4b3-bcd1-49a1-879d-5f85317bc7d9', 0);
INSERT INTO `pf_role_perm`(`ROLE_ID`, `PERM_ID`, `DATA_LEVEL`)
VALUES ('b6e3c884-0b9d-43ec-9c2f-6b9f4edd50e0', '7cebefd0-35a1-4290-8879-678a628446ee', 0);
INSERT INTO `pf_role_perm`(`ROLE_ID`, `PERM_ID`, `DATA_LEVEL`)
VALUES ('b6e3c884-0b9d-43ec-9c2f-6b9f4edd50e0', '7de64d2e-5334-4141-b5f3-585a80afc5c3', 0);
INSERT INTO `pf_role_perm`(`ROLE_ID`, `PERM_ID`, `DATA_LEVEL`)
VALUES ('b6e3c884-0b9d-43ec-9c2f-6b9f4edd50e0', '83922049-925f-4f59-b520-b366b8d46ed1', 0);
INSERT INTO `pf_role_perm`(`ROLE_ID`, `PERM_ID`, `DATA_LEVEL`)
VALUES ('b6e3c884-0b9d-43ec-9c2f-6b9f4edd50e0', '87155af2-32dc-4da5-9975-a55a2fbedb3c', 0);
INSERT INTO `pf_role_perm`(`ROLE_ID`, `PERM_ID`, `DATA_LEVEL`)
VALUES ('b6e3c884-0b9d-43ec-9c2f-6b9f4edd50e0', '9351b9a0-8d45-4851-a66f-73d2f34340fd', 0);
INSERT INTO `pf_role_perm`(`ROLE_ID`, `PERM_ID`, `DATA_LEVEL`)
VALUES ('b6e3c884-0b9d-43ec-9c2f-6b9f4edd50e0', 'a5bdccfc-eba6-447b-a4cc-810832a5fb06', 0);
INSERT INTO `pf_role_perm`(`ROLE_ID`, `PERM_ID`, `DATA_LEVEL`)
VALUES ('b6e3c884-0b9d-43ec-9c2f-6b9f4edd50e0', 'a60f6f81-ae7f-4607-bb36-d028587bf101', 0);
INSERT INTO `pf_role_perm`(`ROLE_ID`, `PERM_ID`, `DATA_LEVEL`)
VALUES ('b6e3c884-0b9d-43ec-9c2f-6b9f4edd50e0', 'ac38d170-f8d8-460d-9675-77a91ec93357', 0);
INSERT INTO `pf_role_perm`(`ROLE_ID`, `PERM_ID`, `DATA_LEVEL`)
VALUES ('b6e3c884-0b9d-43ec-9c2f-6b9f4edd50e0', 'bed2a1af-fc78-40b2-85a9-dc6410dc95b6', 0);
INSERT INTO `pf_role_perm`(`ROLE_ID`, `PERM_ID`, `DATA_LEVEL`)
VALUES ('b6e3c884-0b9d-43ec-9c2f-6b9f4edd50e0', 'c53d95ff-e52b-4f1d-a7af-fe2a1be4f175', 0);
INSERT INTO `pf_role_perm`(`ROLE_ID`, `PERM_ID`, `DATA_LEVEL`)
VALUES ('b6e3c884-0b9d-43ec-9c2f-6b9f4edd50e0', 'c63661e1-275c-456d-a4cf-9b136a9b22b2', 0);
INSERT INTO `pf_role_perm`(`ROLE_ID`, `PERM_ID`, `DATA_LEVEL`)
VALUES ('b6e3c884-0b9d-43ec-9c2f-6b9f4edd50e0', 'cfed5829-45a5-409f-96ed-fa4a841de472', 0);
INSERT INTO `pf_role_perm`(`ROLE_ID`, `PERM_ID`, `DATA_LEVEL`)
VALUES ('b6e3c884-0b9d-43ec-9c2f-6b9f4edd50e0', 'd5664dc1-9467-4d01-beaa-d331eb2edd69', 0);
INSERT INTO `pf_role_perm`(`ROLE_ID`, `PERM_ID`, `DATA_LEVEL`)
VALUES ('b6e3c884-0b9d-43ec-9c2f-6b9f4edd50e0', 'd5afd94d-502e-45ac-8b5a-44e7b1503173', 0);
INSERT INTO `pf_role_perm`(`ROLE_ID`, `PERM_ID`, `DATA_LEVEL`)
VALUES ('b6e3c884-0b9d-43ec-9c2f-6b9f4edd50e0', 'dacde4a2-61d5-4490-8324-d4a373671c8c', 0);
INSERT INTO `pf_role_perm`(`ROLE_ID`, `PERM_ID`, `DATA_LEVEL`)
VALUES ('b6e3c884-0b9d-43ec-9c2f-6b9f4edd50e0', 'e79a9bb9-36cc-4ecc-a40c-71e8fec2422f', 0);
INSERT INTO `pf_role_perm`(`ROLE_ID`, `PERM_ID`, `DATA_LEVEL`)
VALUES ('b6e3c884-0b9d-43ec-9c2f-6b9f4edd50e0', 'edc0670a-cb75-45f6-bf3d-6c9c84374f49', 0);
INSERT INTO `pf_role_perm`(`ROLE_ID`, `PERM_ID`, `DATA_LEVEL`)
VALUES ('b6e3c884-0b9d-43ec-9c2f-6b9f4edd50e0', 'ee01b8b4-a905-48d1-af32-d117602ada10', 0);
INSERT INTO `pf_role_perm`(`ROLE_ID`, `PERM_ID`, `DATA_LEVEL`)
VALUES ('b6e3c884-0b9d-43ec-9c2f-6b9f4edd50e0', 'fb578d4a-0146-444a-a371-8b716e0eb488', 0);
INSERT INTO `pf_role_perm`(`ROLE_ID`, `PERM_ID`, `DATA_LEVEL`)
VALUES ('b6e3c884-0b9d-43ec-9c2f-6b9f4edd50e0', 'fba2506d-dcd7-471b-b390-82da1146f3e3', 0);

INSERT INTO `pf_role`(`ROLE_ID`, `ROLE_NAME`, `APP_ID`, `DES`)
VALUES ('663686c4-1e77-479c-9706-c65767edae6b', '智能网关应用管理员', '1', '');
INSERT INTO `pf_role`(`ROLE_ID`, `ROLE_NAME`, `APP_ID`, `DES`)
VALUES ('8be9cb3e-ba60-485c-92e3-cef49ee67572', '开发员', '1', '');
INSERT INTO `pf_role`(`ROLE_ID`, `ROLE_NAME`, `APP_ID`, `DES`)
VALUES ('b6e3c884-0b9d-43ec-9c2f-6b9f4edd50e0', '超级管理员', '1', '拥有最大权限');

INSERT INTO `pf_perm`(`PERM_ID`, `BUSINESS_KEY`, `PERM_TYPE`, `PERM_TYPE_KEY`, `AUTHZ_LEVEL`, `APP_ID`)
VALUES ('008038f6-0d6d-4896-bc4a-78bd1569831d', '', 'MENU', '008038f6-0d6d-4896-bc4a-78bd1569831d', 2, '1');
INSERT INTO `pf_perm`(`PERM_ID`, `BUSINESS_KEY`, `PERM_TYPE`, `PERM_TYPE_KEY`, `AUTHZ_LEVEL`, `APP_ID`)
VALUES ('04ed7452-74f3-4483-92e7-1d5bd6890a0b', '', 'MENU', '04ed7452-74f3-4483-92e7-1d5bd6890a0b', 2, '1');
INSERT INTO `pf_perm`(`PERM_ID`, `BUSINESS_KEY`, `PERM_TYPE`, `PERM_TYPE_KEY`, `AUTHZ_LEVEL`, `APP_ID`)
VALUES ('0536c6c0-3c94-4575-900f-a67c77a8b421', '', 'MENU', '0536c6c0-3c94-4575-900f-a67c77a8b421', 2, '1');
INSERT INTO `pf_perm`(`PERM_ID`, `BUSINESS_KEY`, `PERM_TYPE`, `PERM_TYPE_KEY`, `AUTHZ_LEVEL`, `APP_ID`)
VALUES ('09fda1c6-cad4-426a-bf18-dd9e09fb626c', '', 'MENU', '09fda1c6-cad4-426a-bf18-dd9e09fb626c', 2, '1');
INSERT INTO `pf_perm`(`PERM_ID`, `BUSINESS_KEY`, `PERM_TYPE`, `PERM_TYPE_KEY`, `AUTHZ_LEVEL`, `APP_ID`)
VALUES ('0b9e26d9-b2df-4a7b-8287-6e1ddbcd1fc0', '', 'MENU', '0b9e26d9-b2df-4a7b-8287-6e1ddbcd1fc0', 2, '1');
INSERT INTO `pf_perm`(`PERM_ID`, `BUSINESS_KEY`, `PERM_TYPE`, `PERM_TYPE_KEY`, `AUTHZ_LEVEL`, `APP_ID`)
VALUES ('11d68c48-0c02-4d7c-ad36-2aaf3b5b9806', '', 'MENU', '11d68c48-0c02-4d7c-ad36-2aaf3b5b9806', 2, '1');
INSERT INTO `pf_perm`(`PERM_ID`, `BUSINESS_KEY`, `PERM_TYPE`, `PERM_TYPE_KEY`, `AUTHZ_LEVEL`, `APP_ID`)
VALUES ('1245f6c2-22ff-4ccd-bc95-7072a5f26d3e', NULL, 'MENU', '1245f6c2-22ff-4ccd-bc95-7072a5f26d3e', 2, '1');
INSERT INTO `pf_perm`(`PERM_ID`, `BUSINESS_KEY`, `PERM_TYPE`, `PERM_TYPE_KEY`, `AUTHZ_LEVEL`, `APP_ID`)
VALUES ('135ff4a7-8773-4db4-833f-54958edc2b14', '', 'MENU', '135ff4a7-8773-4db4-833f-54958edc2b14', 2, '1');
INSERT INTO `pf_perm`(`PERM_ID`, `BUSINESS_KEY`, `PERM_TYPE`, `PERM_TYPE_KEY`, `AUTHZ_LEVEL`, `APP_ID`)
VALUES ('1445e932-62fd-471e-9f65-531e4236d95b', '', 'MENU', '1445e932-62fd-471e-9f65-531e4236d95b', 2, '1');
INSERT INTO `pf_perm`(`PERM_ID`, `BUSINESS_KEY`, `PERM_TYPE`, `PERM_TYPE_KEY`, `AUTHZ_LEVEL`, `APP_ID`)
VALUES ('1721b9bc-0bb0-40c9-b9e9-8895bbac49ed', '', 'MENU', '1721b9bc-0bb0-40c9-b9e9-8895bbac49ed', 2, '1');
INSERT INTO `pf_perm`(`PERM_ID`, `BUSINESS_KEY`, `PERM_TYPE`, `PERM_TYPE_KEY`, `AUTHZ_LEVEL`, `APP_ID`)
VALUES ('195eefbf-69f3-4666-ac71-b88a8acc62f1', '', 'MENU', '195eefbf-69f3-4666-ac71-b88a8acc62f1', 2, '1');
INSERT INTO `pf_perm`(`PERM_ID`, `BUSINESS_KEY`, `PERM_TYPE`, `PERM_TYPE_KEY`, `AUTHZ_LEVEL`, `APP_ID`)
VALUES ('1b6bf913-b176-4f82-b49b-e85d16619456', '', 'MENU', '1b6bf913-b176-4f82-b49b-e85d16619456', 2, '1');
INSERT INTO `pf_perm`(`PERM_ID`, `BUSINESS_KEY`, `PERM_TYPE`, `PERM_TYPE_KEY`, `AUTHZ_LEVEL`, `APP_ID`)
VALUES ('1d944201-a76d-45c9-b589-7e9816e20b63', '', 'MENU', '1d944201-a76d-45c9-b589-7e9816e20b63', 2, '1');
INSERT INTO `pf_perm`(`PERM_ID`, `BUSINESS_KEY`, `PERM_TYPE`, `PERM_TYPE_KEY`, `AUTHZ_LEVEL`, `APP_ID`)
VALUES ('34c7a28d-11a0-47c8-9995-48af6a1b1333', '', 'MENU', '34c7a28d-11a0-47c8-9995-48af6a1b1333', 2, '1');
INSERT INTO `pf_perm`(`PERM_ID`, `BUSINESS_KEY`, `PERM_TYPE`, `PERM_TYPE_KEY`, `AUTHZ_LEVEL`, `APP_ID`)
VALUES ('3750ecb9-d414-4602-9a4a-3cb7b6ca27d1', '', 'MENU', '3750ecb9-d414-4602-9a4a-3cb7b6ca27d1', 2, '1');
INSERT INTO `pf_perm`(`PERM_ID`, `BUSINESS_KEY`, `PERM_TYPE`, `PERM_TYPE_KEY`, `AUTHZ_LEVEL`, `APP_ID`)
VALUES ('3960278a-9587-48f9-9fd5-d69b0cd67861', NULL, 'MENU', '3960278a-9587-48f9-9fd5-d69b0cd67861', 2, '1');
INSERT INTO `pf_perm`(`PERM_ID`, `BUSINESS_KEY`, `PERM_TYPE`, `PERM_TYPE_KEY`, `AUTHZ_LEVEL`, `APP_ID`)
VALUES ('398f3c2b-adb8-48de-b726-66c78992a34a', '', 'MENU', '398f3c2b-adb8-48de-b726-66c78992a34a', 2, '1');
INSERT INTO `pf_perm`(`PERM_ID`, `BUSINESS_KEY`, `PERM_TYPE`, `PERM_TYPE_KEY`, `AUTHZ_LEVEL`, `APP_ID`)
VALUES ('3e8c0c89-4b80-47ee-950e-8a517476410a', '', 'MENU', '3e8c0c89-4b80-47ee-950e-8a517476410a', 2, '1');
INSERT INTO `pf_perm`(`PERM_ID`, `BUSINESS_KEY`, `PERM_TYPE`, `PERM_TYPE_KEY`, `AUTHZ_LEVEL`, `APP_ID`)
VALUES ('3ebf13e0-6d67-4c86-bc88-8d1947edd7a7', NULL, 'MENU', '3ebf13e0-6d67-4c86-bc88-8d1947edd7a7', 2, '1');
INSERT INTO `pf_perm`(`PERM_ID`, `BUSINESS_KEY`, `PERM_TYPE`, `PERM_TYPE_KEY`, `AUTHZ_LEVEL`, `APP_ID`)
VALUES ('4181290a-5fc5-4bcd-aca0-6ed92114a69e', NULL, 'MENU', '4181290a-5fc5-4bcd-aca0-6ed92114a69e', 2, '1');
INSERT INTO `pf_perm`(`PERM_ID`, `BUSINESS_KEY`, `PERM_TYPE`, `PERM_TYPE_KEY`, `AUTHZ_LEVEL`, `APP_ID`)
VALUES ('43520970-9635-4045-b92c-2a256da19316', '', 'MENU', '43520970-9635-4045-b92c-2a256da19316', 2, '1');
INSERT INTO `pf_perm`(`PERM_ID`, `BUSINESS_KEY`, `PERM_TYPE`, `PERM_TYPE_KEY`, `AUTHZ_LEVEL`, `APP_ID`)
VALUES ('43d2b7ee-23e6-4586-b73f-f3f2a8b2b16a', NULL, 'MENU', '43d2b7ee-23e6-4586-b73f-f3f2a8b2b16a', 2, '1');
INSERT INTO `pf_perm`(`PERM_ID`, `BUSINESS_KEY`, `PERM_TYPE`, `PERM_TYPE_KEY`, `AUTHZ_LEVEL`, `APP_ID`)
VALUES ('4425621d-f787-4531-899e-e4ba15115869', NULL, 'MENU', '4425621d-f787-4531-899e-e4ba15115869', 2, '1');
INSERT INTO `pf_perm`(`PERM_ID`, `BUSINESS_KEY`, `PERM_TYPE`, `PERM_TYPE_KEY`, `AUTHZ_LEVEL`, `APP_ID`)
VALUES ('476d7187-9807-4ed7-9c0e-d27820b3d85a', '', 'MENU', '476d7187-9807-4ed7-9c0e-d27820b3d85a', 2, '1');
INSERT INTO `pf_perm`(`PERM_ID`, `BUSINESS_KEY`, `PERM_TYPE`, `PERM_TYPE_KEY`, `AUTHZ_LEVEL`, `APP_ID`)
VALUES ('4871c980-470f-4868-a216-4a6bff433ac3', NULL, 'MENU', '4871c980-470f-4868-a216-4a6bff433ac3', 2, '1');
INSERT INTO `pf_perm`(`PERM_ID`, `BUSINESS_KEY`, `PERM_TYPE`, `PERM_TYPE_KEY`, `AUTHZ_LEVEL`, `APP_ID`)
VALUES ('4b79bf1a-5c68-475d-8e7b-1b3394b262a4', '', 'MENU', '4b79bf1a-5c68-475d-8e7b-1b3394b262a4', 2, '1');
INSERT INTO `pf_perm`(`PERM_ID`, `BUSINESS_KEY`, `PERM_TYPE`, `PERM_TYPE_KEY`, `AUTHZ_LEVEL`, `APP_ID`)
VALUES ('4ce1a31e-94bc-4162-a2cb-57cff67ad9f1', NULL, 'MENU', '4ce1a31e-94bc-4162-a2cb-57cff67ad9f1', 2, '1');
INSERT INTO `pf_perm`(`PERM_ID`, `BUSINESS_KEY`, `PERM_TYPE`, `PERM_TYPE_KEY`, `AUTHZ_LEVEL`, `APP_ID`)
VALUES ('4f07598f-f433-44c9-95ac-416fdfa0af4a', '', 'MENU', '4f07598f-f433-44c9-95ac-416fdfa0af4a', 2, '1');
INSERT INTO `pf_perm`(`PERM_ID`, `BUSINESS_KEY`, `PERM_TYPE`, `PERM_TYPE_KEY`, `AUTHZ_LEVEL`, `APP_ID`)
VALUES ('517cbeb1-c8aa-44f2-8135-494b15181088', '', 'MENU', '517cbeb1-c8aa-44f2-8135-494b15181088', 2, '1');
INSERT INTO `pf_perm`(`PERM_ID`, `BUSINESS_KEY`, `PERM_TYPE`, `PERM_TYPE_KEY`, `AUTHZ_LEVEL`, `APP_ID`)
VALUES ('5321e324-d203-453e-92e9-c33566d4ad16', '', 'MENU', '5321e324-d203-453e-92e9-c33566d4ad16', 2, '1');
INSERT INTO `pf_perm`(`PERM_ID`, `BUSINESS_KEY`, `PERM_TYPE`, `PERM_TYPE_KEY`, `AUTHZ_LEVEL`, `APP_ID`)
VALUES ('5347ce68-f775-4964-a965-833d8e4e87ed', '', 'MENU', '5347ce68-f775-4964-a965-833d8e4e87ed', 2, '1');
INSERT INTO `pf_perm`(`PERM_ID`, `BUSINESS_KEY`, `PERM_TYPE`, `PERM_TYPE_KEY`, `AUTHZ_LEVEL`, `APP_ID`)
VALUES ('59cf7143-2913-446a-93b8-212018f45c97', '', 'MENU', '59cf7143-2913-446a-93b8-212018f45c97', 2, '1');
INSERT INTO `pf_perm`(`PERM_ID`, `BUSINESS_KEY`, `PERM_TYPE`, `PERM_TYPE_KEY`, `AUTHZ_LEVEL`, `APP_ID`)
VALUES ('5db99a9b-3223-475d-8113-9b176989e57b', NULL, 'MENU', '5db99a9b-3223-475d-8113-9b176989e57b', 2, '1');
INSERT INTO `pf_perm`(`PERM_ID`, `BUSINESS_KEY`, `PERM_TYPE`, `PERM_TYPE_KEY`, `AUTHZ_LEVEL`, `APP_ID`)
VALUES ('5f153d02-fc21-4610-903b-8e85fa69f489', '', 'MENU', '5f153d02-fc21-4610-903b-8e85fa69f489', 2, '1');
INSERT INTO `pf_perm`(`PERM_ID`, `BUSINESS_KEY`, `PERM_TYPE`, `PERM_TYPE_KEY`, `AUTHZ_LEVEL`, `APP_ID`)
VALUES ('60514bec-21b4-47e9-9aa8-e029b5b59506', '', 'MENU', '60514bec-21b4-47e9-9aa8-e029b5b59506', 2, '1');
INSERT INTO `pf_perm`(`PERM_ID`, `BUSINESS_KEY`, `PERM_TYPE`, `PERM_TYPE_KEY`, `AUTHZ_LEVEL`, `APP_ID`)
VALUES ('670a6b90-4b6e-4042-b6e0-b5a11379816a', '', 'MENU', '670a6b90-4b6e-4042-b6e0-b5a11379816a', 2, '1');
INSERT INTO `pf_perm`(`PERM_ID`, `BUSINESS_KEY`, `PERM_TYPE`, `PERM_TYPE_KEY`, `AUTHZ_LEVEL`, `APP_ID`)
VALUES ('6ac5e5b2-8948-4106-b685-aa037b34909d', '', 'MENU', '6ac5e5b2-8948-4106-b685-aa037b34909d', 2, '1');
INSERT INTO `pf_perm`(`PERM_ID`, `BUSINESS_KEY`, `PERM_TYPE`, `PERM_TYPE_KEY`, `AUTHZ_LEVEL`, `APP_ID`)
VALUES ('6e557f72-c432-4b00-aca4-2214f28a4382', '', 'MENU', '6e557f72-c432-4b00-aca4-2214f28a4382', 2, '1');
INSERT INTO `pf_perm`(`PERM_ID`, `BUSINESS_KEY`, `PERM_TYPE`, `PERM_TYPE_KEY`, `AUTHZ_LEVEL`, `APP_ID`)
VALUES ('6eac2707-955f-4dc7-b8fe-21b8309399ee', '', 'MENU', '6eac2707-955f-4dc7-b8fe-21b8309399ee', 2, '1');
INSERT INTO `pf_perm`(`PERM_ID`, `BUSINESS_KEY`, `PERM_TYPE`, `PERM_TYPE_KEY`, `AUTHZ_LEVEL`, `APP_ID`)
VALUES ('6f4fb14e-f1a5-4894-89a8-feb3e1909946', NULL, 'MENU', '6f4fb14e-f1a5-4894-89a8-feb3e1909946', 2, '1');
INSERT INTO `pf_perm`(`PERM_ID`, `BUSINESS_KEY`, `PERM_TYPE`, `PERM_TYPE_KEY`, `AUTHZ_LEVEL`, `APP_ID`)
VALUES ('7342ca7c-44e5-406e-af09-bc1a9d864b29', NULL, 'MENU', '7342ca7c-44e5-406e-af09-bc1a9d864b29', 2, '1');
INSERT INTO `pf_perm`(`PERM_ID`, `BUSINESS_KEY`, `PERM_TYPE`, `PERM_TYPE_KEY`, `AUTHZ_LEVEL`, `APP_ID`)
VALUES ('75e4f376-b50f-4080-bca7-09cbfa1b792a', NULL, 'MENU', '75e4f376-b50f-4080-bca7-09cbfa1b792a', 2, '1');
INSERT INTO `pf_perm`(`PERM_ID`, `BUSINESS_KEY`, `PERM_TYPE`, `PERM_TYPE_KEY`, `AUTHZ_LEVEL`, `APP_ID`)
VALUES ('768b7143-ea94-4b3a-ae5e-85a871e4bcab', NULL, 'MENU', '768b7143-ea94-4b3a-ae5e-85a871e4bcab', 2, '1');
INSERT INTO `pf_perm`(`PERM_ID`, `BUSINESS_KEY`, `PERM_TYPE`, `PERM_TYPE_KEY`, `AUTHZ_LEVEL`, `APP_ID`)
VALUES ('7773d4b3-bcd1-49a1-879d-5f85317bc7d9', '', 'MENU', '7773d4b3-bcd1-49a1-879d-5f85317bc7d9', 2, '1');
INSERT INTO `pf_perm`(`PERM_ID`, `BUSINESS_KEY`, `PERM_TYPE`, `PERM_TYPE_KEY`, `AUTHZ_LEVEL`, `APP_ID`)
VALUES ('7a00bea2-93c5-4c42-9abb-a5dfe355e7ba', '', 'MENU', '7a00bea2-93c5-4c42-9abb-a5dfe355e7ba', 2, '1');
INSERT INTO `pf_perm`(`PERM_ID`, `BUSINESS_KEY`, `PERM_TYPE`, `PERM_TYPE_KEY`, `AUTHZ_LEVEL`, `APP_ID`)
VALUES ('7cebefd0-35a1-4290-8879-678a628446ee', NULL, 'MENU', '7cebefd0-35a1-4290-8879-678a628446ee', 2, '1');
INSERT INTO `pf_perm`(`PERM_ID`, `BUSINESS_KEY`, `PERM_TYPE`, `PERM_TYPE_KEY`, `AUTHZ_LEVEL`, `APP_ID`)
VALUES ('7de64d2e-5334-4141-b5f3-585a80afc5c3', NULL, 'MENU', '7de64d2e-5334-4141-b5f3-585a80afc5c3', 2, '1');
INSERT INTO `pf_perm`(`PERM_ID`, `BUSINESS_KEY`, `PERM_TYPE`, `PERM_TYPE_KEY`, `AUTHZ_LEVEL`, `APP_ID`)
VALUES ('83922049-925f-4f59-b520-b366b8d46ed1', '', 'MENU', '83922049-925f-4f59-b520-b366b8d46ed1', 2, '1');
INSERT INTO `pf_perm`(`PERM_ID`, `BUSINESS_KEY`, `PERM_TYPE`, `PERM_TYPE_KEY`, `AUTHZ_LEVEL`, `APP_ID`)
VALUES ('83af2ef7-7d77-42c7-8d61-06191c3c53c1', '', 'MENU', '83af2ef7-7d77-42c7-8d61-06191c3c53c1', 2, '1');
INSERT INTO `pf_perm`(`PERM_ID`, `BUSINESS_KEY`, `PERM_TYPE`, `PERM_TYPE_KEY`, `AUTHZ_LEVEL`, `APP_ID`)
VALUES ('83f65382-0026-449e-882b-c5fa7d5f88cf', NULL, 'MENU', '83f65382-0026-449e-882b-c5fa7d5f88cf', 2, '1');
INSERT INTO `pf_perm`(`PERM_ID`, `BUSINESS_KEY`, `PERM_TYPE`, `PERM_TYPE_KEY`, `AUTHZ_LEVEL`, `APP_ID`)
VALUES ('87155af2-32dc-4da5-9975-a55a2fbedb3c', '', 'MENU', '87155af2-32dc-4da5-9975-a55a2fbedb3c', 2, '1');
INSERT INTO `pf_perm`(`PERM_ID`, `BUSINESS_KEY`, `PERM_TYPE`, `PERM_TYPE_KEY`, `AUTHZ_LEVEL`, `APP_ID`)
VALUES ('88a80217-43e4-44bc-8a37-139ecc5e55d0', '', 'MENU', '88a80217-43e4-44bc-8a37-139ecc5e55d0', 2, '1');
INSERT INTO `pf_perm`(`PERM_ID`, `BUSINESS_KEY`, `PERM_TYPE`, `PERM_TYPE_KEY`, `AUTHZ_LEVEL`, `APP_ID`)
VALUES ('91e0e953-636c-430e-9d04-94b240348283', '', 'MENU', '91e0e953-636c-430e-9d04-94b240348283', 2, '1');
INSERT INTO `pf_perm`(`PERM_ID`, `BUSINESS_KEY`, `PERM_TYPE`, `PERM_TYPE_KEY`, `AUTHZ_LEVEL`, `APP_ID`)
VALUES ('9351b9a0-8d45-4851-a66f-73d2f34340fd', '', 'MENU', '9351b9a0-8d45-4851-a66f-73d2f34340fd', 2, '1');
INSERT INTO `pf_perm`(`PERM_ID`, `BUSINESS_KEY`, `PERM_TYPE`, `PERM_TYPE_KEY`, `AUTHZ_LEVEL`, `APP_ID`)
VALUES ('940e8009-96e4-49ec-afa3-be0d4b52ff62', '', 'MENU', '940e8009-96e4-49ec-afa3-be0d4b52ff62', 2, '1');
INSERT INTO `pf_perm`(`PERM_ID`, `BUSINESS_KEY`, `PERM_TYPE`, `PERM_TYPE_KEY`, `AUTHZ_LEVEL`, `APP_ID`)
VALUES ('9ef3f3d6-71eb-40f7-bb60-5b7b9011038f', '', 'MENU', '9ef3f3d6-71eb-40f7-bb60-5b7b9011038f', 2, '1');
INSERT INTO `pf_perm`(`PERM_ID`, `BUSINESS_KEY`, `PERM_TYPE`, `PERM_TYPE_KEY`, `AUTHZ_LEVEL`, `APP_ID`)
VALUES ('a27369f6-6c19-44d1-9875-231b4349005a', '', 'MENU', 'a27369f6-6c19-44d1-9875-231b4349005a', 2, '1');
INSERT INTO `pf_perm`(`PERM_ID`, `BUSINESS_KEY`, `PERM_TYPE`, `PERM_TYPE_KEY`, `AUTHZ_LEVEL`, `APP_ID`)
VALUES ('a5f80d76-71c3-493a-9607-b2ecc5ed0f6b', '', 'MENU', 'a5f80d76-71c3-493a-9607-b2ecc5ed0f6b', 2, '1');
INSERT INTO `pf_perm`(`PERM_ID`, `BUSINESS_KEY`, `PERM_TYPE`, `PERM_TYPE_KEY`, `AUTHZ_LEVEL`, `APP_ID`)
VALUES ('a60f6f81-ae7f-4607-bb36-d028587bf101', NULL, 'MENU', 'a60f6f81-ae7f-4607-bb36-d028587bf101', 2, '1');
INSERT INTO `pf_perm`(`PERM_ID`, `BUSINESS_KEY`, `PERM_TYPE`, `PERM_TYPE_KEY`, `AUTHZ_LEVEL`, `APP_ID`)
VALUES ('a6fd2728-843a-4d60-9501-7c901df68808', '', 'MENU', 'a6fd2728-843a-4d60-9501-7c901df68808', 2, '1');
INSERT INTO `pf_perm`(`PERM_ID`, `BUSINESS_KEY`, `PERM_TYPE`, `PERM_TYPE_KEY`, `AUTHZ_LEVEL`, `APP_ID`)
VALUES ('ab044cfd-5097-43a0-8c10-0e162ecd2966', '', 'MENU', 'ab044cfd-5097-43a0-8c10-0e162ecd2966', 2, '1');
INSERT INTO `pf_perm`(`PERM_ID`, `BUSINESS_KEY`, `PERM_TYPE`, `PERM_TYPE_KEY`, `AUTHZ_LEVEL`, `APP_ID`)
VALUES ('ac38d170-f8d8-460d-9675-77a91ec93357', '', 'MENU', 'ac38d170-f8d8-460d-9675-77a91ec93357', 2, '1');
INSERT INTO `pf_perm`(`PERM_ID`, `BUSINESS_KEY`, `PERM_TYPE`, `PERM_TYPE_KEY`, `AUTHZ_LEVEL`, `APP_ID`)
VALUES ('af41e2cf-f332-4ac7-a43a-1715893756a7', '', 'MENU', 'af41e2cf-f332-4ac7-a43a-1715893756a7', 2, '1');
INSERT INTO `pf_perm`(`PERM_ID`, `BUSINESS_KEY`, `PERM_TYPE`, `PERM_TYPE_KEY`, `AUTHZ_LEVEL`, `APP_ID`)
VALUES ('b14bd0c2-f14e-435e-8587-7076e631a0fe', '', 'MENU', 'b14bd0c2-f14e-435e-8587-7076e631a0fe', 2, '1');
INSERT INTO `pf_perm`(`PERM_ID`, `BUSINESS_KEY`, `PERM_TYPE`, `PERM_TYPE_KEY`, `AUTHZ_LEVEL`, `APP_ID`)
VALUES ('b2490225-84de-47d6-93e0-9e39258d10e2', '', 'MENU', 'b2490225-84de-47d6-93e0-9e39258d10e2', 2, '1');
INSERT INTO `pf_perm`(`PERM_ID`, `BUSINESS_KEY`, `PERM_TYPE`, `PERM_TYPE_KEY`, `AUTHZ_LEVEL`, `APP_ID`)
VALUES ('b3497ad6-c7fc-4644-b3a7-0d1de947c2db', '', 'MENU', 'b3497ad6-c7fc-4644-b3a7-0d1de947c2db', 2, '1');
INSERT INTO `pf_perm`(`PERM_ID`, `BUSINESS_KEY`, `PERM_TYPE`, `PERM_TYPE_KEY`, `AUTHZ_LEVEL`, `APP_ID`)
VALUES ('b5846a4f-7c19-406d-90a8-279917483737', '', 'MENU', 'b5846a4f-7c19-406d-90a8-279917483737', 2, '1');
INSERT INTO `pf_perm`(`PERM_ID`, `BUSINESS_KEY`, `PERM_TYPE`, `PERM_TYPE_KEY`, `AUTHZ_LEVEL`, `APP_ID`)
VALUES ('b90e900c-59a8-4e23-a30c-e08c36993d71', '', 'MENU', 'b90e900c-59a8-4e23-a30c-e08c36993d71', 2, '1');
INSERT INTO `pf_perm`(`PERM_ID`, `BUSINESS_KEY`, `PERM_TYPE`, `PERM_TYPE_KEY`, `AUTHZ_LEVEL`, `APP_ID`)
VALUES ('be22d32e-fc17-4963-85cb-69ba91e9fe48', '', 'MENU', 'be22d32e-fc17-4963-85cb-69ba91e9fe48', 2, '1');
INSERT INTO `pf_perm`(`PERM_ID`, `BUSINESS_KEY`, `PERM_TYPE`, `PERM_TYPE_KEY`, `AUTHZ_LEVEL`, `APP_ID`)
VALUES ('bed2a1af-fc78-40b2-85a9-dc6410dc95b6', NULL, 'MENU', 'bed2a1af-fc78-40b2-85a9-dc6410dc95b6', 2, '1');
INSERT INTO `pf_perm`(`PERM_ID`, `BUSINESS_KEY`, `PERM_TYPE`, `PERM_TYPE_KEY`, `AUTHZ_LEVEL`, `APP_ID`)
VALUES ('c3fdc5e7-ec75-4adf-ad76-920184ec0cef', '', 'MENU', 'c3fdc5e7-ec75-4adf-ad76-920184ec0cef', 2, '1');
INSERT INTO `pf_perm`(`PERM_ID`, `BUSINESS_KEY`, `PERM_TYPE`, `PERM_TYPE_KEY`, `AUTHZ_LEVEL`, `APP_ID`)
VALUES ('c53d95ff-e52b-4f1d-a7af-fe2a1be4f175', '', 'MENU', 'c53d95ff-e52b-4f1d-a7af-fe2a1be4f175', 2, '1');
INSERT INTO `pf_perm`(`PERM_ID`, `BUSINESS_KEY`, `PERM_TYPE`, `PERM_TYPE_KEY`, `AUTHZ_LEVEL`, `APP_ID`)
VALUES ('c63661e1-275c-456d-a4cf-9b136a9b22b2', NULL, 'MENU', 'c63661e1-275c-456d-a4cf-9b136a9b22b2', 2, '1');
INSERT INTO `pf_perm`(`PERM_ID`, `BUSINESS_KEY`, `PERM_TYPE`, `PERM_TYPE_KEY`, `AUTHZ_LEVEL`, `APP_ID`)
VALUES ('c794b789-4e55-4112-9cd9-2b78ad3cee6f', '', 'MENU', 'c794b789-4e55-4112-9cd9-2b78ad3cee6f', 2, '1');
INSERT INTO `pf_perm`(`PERM_ID`, `BUSINESS_KEY`, `PERM_TYPE`, `PERM_TYPE_KEY`, `AUTHZ_LEVEL`, `APP_ID`)
VALUES ('cea0137a-718b-4f3e-9860-0a4c221a798a', '', 'MENU', 'cea0137a-718b-4f3e-9860-0a4c221a798a', 2, '1');
INSERT INTO `pf_perm`(`PERM_ID`, `BUSINESS_KEY`, `PERM_TYPE`, `PERM_TYPE_KEY`, `AUTHZ_LEVEL`, `APP_ID`)
VALUES ('cfed5829-45a5-409f-96ed-fa4a841de472', NULL, 'MENU', 'cfed5829-45a5-409f-96ed-fa4a841de472', 2, '1');
INSERT INTO `pf_perm`(`PERM_ID`, `BUSINESS_KEY`, `PERM_TYPE`, `PERM_TYPE_KEY`, `AUTHZ_LEVEL`, `APP_ID`)
VALUES ('d2124722-7456-4f2d-81ec-00ce228f082f', '', 'MENU', 'd2124722-7456-4f2d-81ec-00ce228f082f', 2, '1');
INSERT INTO `pf_perm`(`PERM_ID`, `BUSINESS_KEY`, `PERM_TYPE`, `PERM_TYPE_KEY`, `AUTHZ_LEVEL`, `APP_ID`)
VALUES ('d24f3038-e77a-402a-8b0d-9537e7d83b4e', '', 'MENU', 'd24f3038-e77a-402a-8b0d-9537e7d83b4e', 2, '1');
INSERT INTO `pf_perm`(`PERM_ID`, `BUSINESS_KEY`, `PERM_TYPE`, `PERM_TYPE_KEY`, `AUTHZ_LEVEL`, `APP_ID`)
VALUES ('d29084a4-582f-4304-b1c2-4fa581e56442', '', 'MENU', 'd29084a4-582f-4304-b1c2-4fa581e56442', 2, '1');
INSERT INTO `pf_perm`(`PERM_ID`, `BUSINESS_KEY`, `PERM_TYPE`, `PERM_TYPE_KEY`, `AUTHZ_LEVEL`, `APP_ID`)
VALUES ('d5664dc1-9467-4d01-beaa-d331eb2edd69', NULL, 'MENU', 'd5664dc1-9467-4d01-beaa-d331eb2edd69', 2, '1');
INSERT INTO `pf_perm`(`PERM_ID`, `BUSINESS_KEY`, `PERM_TYPE`, `PERM_TYPE_KEY`, `AUTHZ_LEVEL`, `APP_ID`)
VALUES ('d5afd94d-502e-45ac-8b5a-44e7b1503173', NULL, 'MENU', 'd5afd94d-502e-45ac-8b5a-44e7b1503173', 2, '1');
INSERT INTO `pf_perm`(`PERM_ID`, `BUSINESS_KEY`, `PERM_TYPE`, `PERM_TYPE_KEY`, `AUTHZ_LEVEL`, `APP_ID`)
VALUES ('dacde4a2-61d5-4490-8324-d4a373671c8c', '', 'MENU', 'dacde4a2-61d5-4490-8324-d4a373671c8c', 2, '1');
INSERT INTO `pf_perm`(`PERM_ID`, `BUSINESS_KEY`, `PERM_TYPE`, `PERM_TYPE_KEY`, `AUTHZ_LEVEL`, `APP_ID`)
VALUES ('de99eb65-3534-486e-ac2f-9290ba6b488c', '', 'MENU', 'de99eb65-3534-486e-ac2f-9290ba6b488c', 2, '1');
INSERT INTO `pf_perm`(`PERM_ID`, `BUSINESS_KEY`, `PERM_TYPE`, `PERM_TYPE_KEY`, `AUTHZ_LEVEL`, `APP_ID`)
VALUES ('e031e871-3f80-4020-8772-0d94490dcb90', '', 'MENU', 'e031e871-3f80-4020-8772-0d94490dcb90', 2, '1');
INSERT INTO `pf_perm`(`PERM_ID`, `BUSINESS_KEY`, `PERM_TYPE`, `PERM_TYPE_KEY`, `AUTHZ_LEVEL`, `APP_ID`)
VALUES ('e1d1cc57-3ca5-4925-9e5a-b71e3510f7f5', '', 'MENU', 'e1d1cc57-3ca5-4925-9e5a-b71e3510f7f5', 2, '1');
INSERT INTO `pf_perm`(`PERM_ID`, `BUSINESS_KEY`, `PERM_TYPE`, `PERM_TYPE_KEY`, `AUTHZ_LEVEL`, `APP_ID`)
VALUES ('e5720b1f-c577-4154-a554-de2200061889', '', 'MENU', 'e5720b1f-c577-4154-a554-de2200061889', 2, '1');
INSERT INTO `pf_perm`(`PERM_ID`, `BUSINESS_KEY`, `PERM_TYPE`, `PERM_TYPE_KEY`, `AUTHZ_LEVEL`, `APP_ID`)
VALUES ('e79a9bb9-36cc-4ecc-a40c-71e8fec2422f', '', 'MENU', 'e79a9bb9-36cc-4ecc-a40c-71e8fec2422f', 2, '1');
INSERT INTO `pf_perm`(`PERM_ID`, `BUSINESS_KEY`, `PERM_TYPE`, `PERM_TYPE_KEY`, `AUTHZ_LEVEL`, `APP_ID`)
VALUES ('e973702f-0995-44ce-ac52-4c012431307e', '', 'MENU', 'e973702f-0995-44ce-ac52-4c012431307e', 2, '1');
INSERT INTO `pf_perm`(`PERM_ID`, `BUSINESS_KEY`, `PERM_TYPE`, `PERM_TYPE_KEY`, `AUTHZ_LEVEL`, `APP_ID`)
VALUES ('eb1e2a4d-af0c-4d62-b1ff-9b77b67622b8', '', 'MENU', 'eb1e2a4d-af0c-4d62-b1ff-9b77b67622b8', 2, '1');
INSERT INTO `pf_perm`(`PERM_ID`, `BUSINESS_KEY`, `PERM_TYPE`, `PERM_TYPE_KEY`, `AUTHZ_LEVEL`, `APP_ID`)
VALUES ('edc0670a-cb75-45f6-bf3d-6c9c84374f49', NULL, 'MENU', 'edc0670a-cb75-45f6-bf3d-6c9c84374f49', 2, '1');
INSERT INTO `pf_perm`(`PERM_ID`, `BUSINESS_KEY`, `PERM_TYPE`, `PERM_TYPE_KEY`, `AUTHZ_LEVEL`, `APP_ID`)
VALUES ('ee01b8b4-a905-48d1-af32-d117602ada10', '', 'MENU', 'ee01b8b4-a905-48d1-af32-d117602ada10', 2, '1');
INSERT INTO `pf_perm`(`PERM_ID`, `BUSINESS_KEY`, `PERM_TYPE`, `PERM_TYPE_KEY`, `AUTHZ_LEVEL`, `APP_ID`)
VALUES ('ef8a00b1-3b54-4717-b37f-ee3ce7ec56c2', '', 'MENU', 'ef8a00b1-3b54-4717-b37f-ee3ce7ec56c2', 2, '1');
INSERT INTO `pf_perm`(`PERM_ID`, `BUSINESS_KEY`, `PERM_TYPE`, `PERM_TYPE_KEY`, `AUTHZ_LEVEL`, `APP_ID`)
VALUES ('fac98da8-b177-41b9-8872-c1d08d2832a6', '', 'MENU', 'fac98da8-b177-41b9-8872-c1d08d2832a6', 2, '1');
INSERT INTO `pf_perm`(`PERM_ID`, `BUSINESS_KEY`, `PERM_TYPE`, `PERM_TYPE_KEY`, `AUTHZ_LEVEL`, `APP_ID`)
VALUES ('fb578d4a-0146-444a-a371-8b716e0eb488', NULL, 'MENU', 'fb578d4a-0146-444a-a371-8b716e0eb488', 2, '1');
INSERT INTO `pf_perm`(`PERM_ID`, `BUSINESS_KEY`, `PERM_TYPE`, `PERM_TYPE_KEY`, `AUTHZ_LEVEL`, `APP_ID`)
VALUES ('fba2506d-dcd7-471b-b390-82da1146f3e3', '', 'MENU', 'fba2506d-dcd7-471b-b390-82da1146f3e3', 2, '1');
INSERT INTO `pf_perm`(`PERM_ID`, `BUSINESS_KEY`, `PERM_TYPE`, `PERM_TYPE_KEY`, `AUTHZ_LEVEL`, `APP_ID`)
VALUES ('fd233433-051f-4acb-b8a3-78a1fd7bf66d', '', 'MENU', 'fd233433-051f-4acb-b8a3-78a1fd7bf66d', 2, '1');

INSERT INTO `pf_param_tree_enum`(`PARAM_CODE`, `ITEM_CODE`, `ITEM_TEXT`, `PARENT_ITEM_CODE`, `ITEM_ICON`, `ITEM_URL`, `ITEM_PARAM`, `SEQNO`, `DES`)
VALUES ('PARAM_GROUP_NODES', 'APP_PROFILE', '应用配置', 'PROFILE', '', '', '', 2, '');
INSERT INTO `pf_param_tree_enum`(`PARAM_CODE`, `ITEM_CODE`, `ITEM_TEXT`, `PARENT_ITEM_CODE`, `ITEM_ICON`, `ITEM_URL`, `ITEM_PARAM`, `SEQNO`, `DES`)
VALUES ('PARAM_GROUP_NODES', 'COMBO_OPTIONS', '下拉选择项', 'root', '', '', '', 9, '');
INSERT INTO `pf_param_tree_enum`(`PARAM_CODE`, `ITEM_CODE`, `ITEM_TEXT`, `PARENT_ITEM_CODE`, `ITEM_ICON`, `ITEM_URL`, `ITEM_PARAM`, `SEQNO`, `DES`)
VALUES ('PARAM_GROUP_NODES', 'ENTITY', '实体属性', 'root', '', '', '', 4, '');
INSERT INTO `pf_param_tree_enum`(`PARAM_CODE`, `ITEM_CODE`, `ITEM_TEXT`, `PARENT_ITEM_CODE`, `ITEM_ICON`, `ITEM_URL`, `ITEM_PARAM`, `SEQNO`, `DES`)
VALUES ('PARAM_GROUP_NODES', 'ENUM_OPTIONS', '枚举选型', 'COMBO_OPTIONS', '', '', '', 10, '');
INSERT INTO `pf_param_tree_enum`(`PARAM_CODE`, `ITEM_CODE`, `ITEM_TEXT`, `PARENT_ITEM_CODE`, `ITEM_ICON`, `ITEM_URL`, `ITEM_PARAM`, `SEQNO`, `DES`)
VALUES ('PARAM_GROUP_NODES', 'HBASE', 'Hbase客户端', 'ENTITY', '', '', '', 5, '');
INSERT INTO `pf_param_tree_enum`(`PARAM_CODE`, `ITEM_CODE`, `ITEM_TEXT`, `PARENT_ITEM_CODE`, `ITEM_ICON`, `ITEM_URL`, `ITEM_PARAM`, `SEQNO`, `DES`)
VALUES ('PARAM_GROUP_NODES', 'PROFILE', '参数设置', 'root', '', '', '', 1, '');
INSERT INTO `pf_param_tree_enum`(`PARAM_CODE`, `ITEM_CODE`, `ITEM_TEXT`, `PARENT_ITEM_CODE`, `ITEM_ICON`, `ITEM_URL`, `ITEM_PARAM`, `SEQNO`, `DES`)
VALUES ('PARAM_GROUP_NODES', 'REGION_OPTIONS', '区间选择项', 'COMBO_OPTIONS', '', '', '', 12, '');
INSERT INTO `pf_param_tree_enum`(`PARAM_CODE`, `ITEM_CODE`, `ITEM_TEXT`, `PARENT_ITEM_CODE`, `ITEM_ICON`, `ITEM_URL`, `ITEM_PARAM`, `SEQNO`, `DES`)
VALUES ('PARAM_GROUP_NODES', 'root', '参数组别', '', NULL, NULL, NULL, 0, NULL);
INSERT INTO `pf_param_tree_enum`(`PARAM_CODE`, `ITEM_CODE`, `ITEM_TEXT`, `PARENT_ITEM_CODE`, `ITEM_ICON`, `ITEM_URL`, `ITEM_PARAM`, `SEQNO`, `DES`)
VALUES ('PARAM_GROUP_NODES', 'SMART_API_PROFILE', '智能网关配置', 'root', '', '', '', 13, '');
INSERT INTO `pf_param_tree_enum`(`PARAM_CODE`, `ITEM_CODE`, `ITEM_TEXT`, `PARENT_ITEM_CODE`, `ITEM_ICON`, `ITEM_URL`, `ITEM_PARAM`, `SEQNO`, `DES`)
VALUES ('PARAM_GROUP_NODES', 'TDBANK', 'TUBE/HIPPO客户端', 'ENTITY', '', '', '', 8, '');
INSERT INTO `pf_param_tree_enum`(`PARAM_CODE`, `ITEM_CODE`, `ITEM_TEXT`, `PARENT_ITEM_CODE`, `ITEM_ICON`, `ITEM_URL`, `ITEM_PARAM`, `SEQNO`, `DES`)
VALUES ('PARAM_GROUP_NODES', 'TDE', 'TDE客户端', 'ENTITY', '', '', '', 6, NULL);
INSERT INTO `pf_param_tree_enum`(`PARAM_CODE`, `ITEM_CODE`, `ITEM_TEXT`, `PARENT_ITEM_CODE`, `ITEM_ICON`, `ITEM_URL`, `ITEM_PARAM`, `SEQNO`, `DES`)
VALUES ('PARAM_GROUP_NODES', 'TREE_NODES', '树型节点', 'COMBO_OPTIONS', '', '', '', 11, '');
INSERT INTO `pf_param_tree_enum`(`PARAM_CODE`, `ITEM_CODE`, `ITEM_TEXT`, `PARENT_ITEM_CODE`, `ITEM_ICON`, `ITEM_URL`, `ITEM_PARAM`, `SEQNO`, `DES`)
VALUES ('PARAM_GROUP_NODES', 'TSSD', 'TSSD客户端', 'ENTITY', '', '', '', 7, '');
INSERT INTO `pf_param_tree_enum`(`PARAM_CODE`, `ITEM_CODE`, `ITEM_TEXT`, `PARENT_ITEM_CODE`, `ITEM_ICON`, `ITEM_URL`, `ITEM_PARAM`, `SEQNO`, `DES`)
VALUES ('PARAM_GROUP_NODES', 'USER_PROFILE', '用户设置', 'PROFILE', '', '', '', 3, '');
INSERT INTO `pf_param_tree_enum`(`PARAM_CODE`, `ITEM_CODE`, `ITEM_TEXT`, `PARENT_ITEM_CODE`, `ITEM_ICON`, `ITEM_URL`, `ITEM_PARAM`, `SEQNO`, `DES`)
VALUES ('ROLE_LIMIT_GROUP', 'role-userType', '角色与用户类型约束', 'root', '', '', '', 3, '');
INSERT INTO `pf_param_tree_enum`(`PARAM_CODE`, `ITEM_CODE`, `ITEM_TEXT`, `PARENT_ITEM_CODE`, `ITEM_ICON`, `ITEM_URL`, `ITEM_PARAM`, `SEQNO`, `DES`)
VALUES ('ROLE_LIMIT_GROUP', 'roles', '角色与角色约束', 'root', '', '', '', 2, '');
INSERT INTO `pf_param_tree_enum`(`PARAM_CODE`, `ITEM_CODE`, `ITEM_TEXT`, `PARENT_ITEM_CODE`, `ITEM_ICON`, `ITEM_URL`, `ITEM_PARAM`, `SEQNO`, `DES`)
VALUES ('ROLE_LIMIT_GROUP', 'root', '角色约束组别', NULL, NULL, NULL, NULL, 1, NULL);
INSERT INTO `pf_param_tree_enum`(`PARAM_CODE`, `ITEM_CODE`, `ITEM_TEXT`, `PARENT_ITEM_CODE`, `ITEM_ICON`, `ITEM_URL`, `ITEM_PARAM`, `SEQNO`, `DES`)
VALUES ('TEST_TREE', 'node1', '一级节点1', 'root', NULL, NULL, NULL, 2, NULL);
INSERT INTO `pf_param_tree_enum`(`PARAM_CODE`, `ITEM_CODE`, `ITEM_TEXT`, `PARENT_ITEM_CODE`, `ITEM_ICON`, `ITEM_URL`, `ITEM_PARAM`, `SEQNO`, `DES`)
VALUES ('TEST_TREE', 'node1-1', '二级节点1-1', 'node1', NULL, NULL, NULL, 5, NULL);
INSERT INTO `pf_param_tree_enum`(`PARAM_CODE`, `ITEM_CODE`, `ITEM_TEXT`, `PARENT_ITEM_CODE`, `ITEM_ICON`, `ITEM_URL`, `ITEM_PARAM`, `SEQNO`, `DES`)
VALUES ('TEST_TREE', 'node1-2', '二级节点1-2', 'node1', NULL, NULL, NULL, 6, NULL);
INSERT INTO `pf_param_tree_enum`(`PARAM_CODE`, `ITEM_CODE`, `ITEM_TEXT`, `PARENT_ITEM_CODE`, `ITEM_ICON`, `ITEM_URL`, `ITEM_PARAM`, `SEQNO`, `DES`)
VALUES ('TEST_TREE', 'node1-2-1', '三级节点1-2-1', 'node1-2', NULL, NULL, NULL, 8, NULL);
INSERT INTO `pf_param_tree_enum`(`PARAM_CODE`, `ITEM_CODE`, `ITEM_TEXT`, `PARENT_ITEM_CODE`, `ITEM_ICON`, `ITEM_URL`, `ITEM_PARAM`, `SEQNO`, `DES`)
VALUES ('TEST_TREE', 'node1-2-2', '三级节点1-2-2', 'node1-2', NULL, NULL, NULL, 9, NULL);
INSERT INTO `pf_param_tree_enum`(`PARAM_CODE`, `ITEM_CODE`, `ITEM_TEXT`, `PARENT_ITEM_CODE`, `ITEM_ICON`, `ITEM_URL`, `ITEM_PARAM`, `SEQNO`, `DES`)
VALUES ('TEST_TREE', 'node1-2-2-1', '四级节点1-2-2-1', 'node1-2-2', NULL, NULL, NULL, 10, NULL);
INSERT INTO `pf_param_tree_enum`(`PARAM_CODE`, `ITEM_CODE`, `ITEM_TEXT`, `PARENT_ITEM_CODE`, `ITEM_ICON`, `ITEM_URL`, `ITEM_PARAM`, `SEQNO`, `DES`)
VALUES ('TEST_TREE', 'node1-3', '二级节点1-3', 'node1', NULL, NULL, NULL, 7, NULL);
INSERT INTO `pf_param_tree_enum`(`PARAM_CODE`, `ITEM_CODE`, `ITEM_TEXT`, `PARENT_ITEM_CODE`, `ITEM_ICON`, `ITEM_URL`, `ITEM_PARAM`, `SEQNO`, `DES`)
VALUES ('TEST_TREE', 'node2', '一级节点2', 'root', NULL, NULL, NULL, 3, NULL);
INSERT INTO `pf_param_tree_enum`(`PARAM_CODE`, `ITEM_CODE`, `ITEM_TEXT`, `PARENT_ITEM_CODE`, `ITEM_ICON`, `ITEM_URL`, `ITEM_PARAM`, `SEQNO`, `DES`)
VALUES ('TEST_TREE', 'node2-1', '二级节点2-1', 'node2', NULL, NULL, NULL, 11, NULL);
INSERT INTO `pf_param_tree_enum`(`PARAM_CODE`, `ITEM_CODE`, `ITEM_TEXT`, `PARENT_ITEM_CODE`, `ITEM_ICON`, `ITEM_URL`, `ITEM_PARAM`, `SEQNO`, `DES`)
VALUES ('TEST_TREE', 'node2-2', '二级节点2-2', 'node2', NULL, NULL, NULL, 12, NULL);
INSERT INTO `pf_param_tree_enum`(`PARAM_CODE`, `ITEM_CODE`, `ITEM_TEXT`, `PARENT_ITEM_CODE`, `ITEM_ICON`, `ITEM_URL`, `ITEM_PARAM`, `SEQNO`, `DES`)
VALUES ('TEST_TREE', 'node3', '一级节点3', 'root', NULL, NULL, NULL, 4, NULL);
INSERT INTO `pf_param_tree_enum`(`PARAM_CODE`, `ITEM_CODE`, `ITEM_TEXT`, `PARENT_ITEM_CODE`, `ITEM_ICON`, `ITEM_URL`, `ITEM_PARAM`, `SEQNO`, `DES`)
VALUES ('TEST_TREE', 'root', '根节点', NULL, NULL, NULL, NULL, 1, NULL);

INSERT INTO `pf_param_single`(`PARAM_CODE`, `STORE_TYPE`, `DATA_TYPE`, `DEFAULT_VALUE`, `VALUE_RULE`, `VALUE_RULE_PARAM`, `ALLOW_EMPTY`, `MIN_LENGTH`, `MAX_LENGTH`)
VALUES ('AUTHZ_LEVEL', 'plain', 'VARCHAR', '1', 'ENUM', 'AUTHZ_LEVEL_OPTIONS', '0', NULL, NULL);
INSERT INTO `pf_param_single`(`PARAM_CODE`, `STORE_TYPE`, `DATA_TYPE`, `DEFAULT_VALUE`, `VALUE_RULE`, `VALUE_RULE_PARAM`, `ALLOW_EMPTY`, `MIN_LENGTH`, `MAX_LENGTH`)
VALUES ('hbase-zk-host', 'plain', 'VARCHAR', '', 'STRING', '', '0', 0, 0);
INSERT INTO `pf_param_single`(`PARAM_CODE`, `STORE_TYPE`, `DATA_TYPE`, `DEFAULT_VALUE`, `VALUE_RULE`, `VALUE_RULE_PARAM`, `ALLOW_EMPTY`, `MIN_LENGTH`, `MAX_LENGTH`)
VALUES ('hbase-zk-port', 'plain', 'INTEGER', '', 'INTEGER', '', '0', 0, 0);
INSERT INTO `pf_param_single`(`PARAM_CODE`, `STORE_TYPE`, `DATA_TYPE`, `DEFAULT_VALUE`, `VALUE_RULE`, `VALUE_RULE_PARAM`, `ALLOW_EMPTY`, `MIN_LENGTH`, `MAX_LENGTH`)
VALUES ('hbase-zk-znode', 'plain', 'VARCHAR', '', 'STRING', '', '0', 0, 0);
INSERT INTO `pf_param_single`(`PARAM_CODE`, `STORE_TYPE`, `DATA_TYPE`, `DEFAULT_VALUE`, `VALUE_RULE`, `VALUE_RULE_PARAM`, `ALLOW_EMPTY`, `MIN_LENGTH`, `MAX_LENGTH`)
VALUES ('LOCKED_TIME', 'plain', 'INTEGER', '15', 'INTEGER', '(5,+∞)', NULL, NULL, NULL);
INSERT INTO `pf_param_single`(`PARAM_CODE`, `STORE_TYPE`, `DATA_TYPE`, `DEFAULT_VALUE`, `VALUE_RULE`, `VALUE_RULE_PARAM`, `ALLOW_EMPTY`, `MIN_LENGTH`, `MAX_LENGTH`)
VALUES ('ONLINE_SESSION_NUM', 'plain', 'INTEGER', '1', 'INTEGER', '(0,+∞)', '1', 0, 0);
INSERT INTO `pf_param_single`(`PARAM_CODE`, `STORE_TYPE`, `DATA_TYPE`, `DEFAULT_VALUE`, `VALUE_RULE`, `VALUE_RULE_PARAM`, `ALLOW_EMPTY`, `MIN_LENGTH`, `MAX_LENGTH`)
VALUES ('ROLE_MODE', 'plain', 'VARCHAR', 'MULTI', 'ENUM', 'ROLE_MODE_OPTIONS', '0', NULL, NULL);
INSERT INTO `pf_param_single`(`PARAM_CODE`, `STORE_TYPE`, `DATA_TYPE`, `DEFAULT_VALUE`, `VALUE_RULE`, `VALUE_RULE_PARAM`, `ALLOW_EMPTY`, `MIN_LENGTH`, `MAX_LENGTH`)
VALUES ('smart_api_app_jar_path', 'plain', 'VARCHAR', '/app/smart_api/boot/jars', 'STRING', '', '1', 0, 0);
INSERT INTO `pf_param_single`(`PARAM_CODE`, `STORE_TYPE`, `DATA_TYPE`, `DEFAULT_VALUE`, `VALUE_RULE`, `VALUE_RULE_PARAM`, `ALLOW_EMPTY`, `MIN_LENGTH`, `MAX_LENGTH`)
VALUES ('tdbank-consumerGroup', 'plain', 'VARCHAR', '', 'STRING', '', '0', 0, 0);
INSERT INTO `pf_param_single`(`PARAM_CODE`, `STORE_TYPE`, `DATA_TYPE`, `DEFAULT_VALUE`, `VALUE_RULE`, `VALUE_RULE_PARAM`, `ALLOW_EMPTY`, `MIN_LENGTH`, `MAX_LENGTH`)
VALUES ('tdbank-localeMessageQueueCapacity', 'plain', 'INTEGER', '1', 'INTEGER', '', '1', 0, 0);
INSERT INTO `pf_param_single`(`PARAM_CODE`, `STORE_TYPE`, `DATA_TYPE`, `DEFAULT_VALUE`, `VALUE_RULE`, `VALUE_RULE_PARAM`, `ALLOW_EMPTY`, `MIN_LENGTH`, `MAX_LENGTH`)
VALUES ('tdbank-master', 'plain', 'VARCHAR', '', 'STRING', '', '0', 0, 0);
INSERT INTO `pf_param_single`(`PARAM_CODE`, `STORE_TYPE`, `DATA_TYPE`, `DEFAULT_VALUE`, `VALUE_RULE`, `VALUE_RULE_PARAM`, `ALLOW_EMPTY`, `MIN_LENGTH`, `MAX_LENGTH`)
VALUES ('tdbank-tdMsg', 'plain', 'VARCHAR', '1', 'ENUM', 'BOOLEAN_OPTIONS', '1', 0, 0);
INSERT INTO `pf_param_single`(`PARAM_CODE`, `STORE_TYPE`, `DATA_TYPE`, `DEFAULT_VALUE`, `VALUE_RULE`, `VALUE_RULE_PARAM`, `ALLOW_EMPTY`, `MIN_LENGTH`, `MAX_LENGTH`)
VALUES ('tdbank-timeout', 'plain', 'INTEGER', '1000', 'INTEGER', '', '1', 0, 0);
INSERT INTO `pf_param_single`(`PARAM_CODE`, `STORE_TYPE`, `DATA_TYPE`, `DEFAULT_VALUE`, `VALUE_RULE`, `VALUE_RULE_PARAM`, `ALLOW_EMPTY`, `MIN_LENGTH`, `MAX_LENGTH`)
VALUES ('tdbank-topic', 'plain', 'VARCHAR', '', 'STRING', '', '0', 0, 0);
INSERT INTO `pf_param_single`(`PARAM_CODE`, `STORE_TYPE`, `DATA_TYPE`, `DEFAULT_VALUE`, `VALUE_RULE`, `VALUE_RULE_PARAM`, `ALLOW_EMPTY`, `MIN_LENGTH`, `MAX_LENGTH`)
VALUES ('tdbank-type', 'plain', 'VARCHAR', 'TUBE', 'ENUM', 'MQ_TYPE_OPTIONS', '0', 0, 0);
INSERT INTO `pf_param_single`(`PARAM_CODE`, `STORE_TYPE`, `DATA_TYPE`, `DEFAULT_VALUE`, `VALUE_RULE`, `VALUE_RULE_PARAM`, `ALLOW_EMPTY`, `MIN_LENGTH`, `MAX_LENGTH`)
VALUES ('tde-expire', 'plain', 'INTEGER', '86400', 'INTEGER', '', '1', 0, 0);
INSERT INTO `pf_param_single`(`PARAM_CODE`, `STORE_TYPE`, `DATA_TYPE`, `DEFAULT_VALUE`, `VALUE_RULE`, `VALUE_RULE_PARAM`, `ALLOW_EMPTY`, `MIN_LENGTH`, `MAX_LENGTH`)
VALUES ('tde-groupName', 'plain', 'VARCHAR', '', 'STRING', '', '0', 0, 0);
INSERT INTO `pf_param_single`(`PARAM_CODE`, `STORE_TYPE`, `DATA_TYPE`, `DEFAULT_VALUE`, `VALUE_RULE`, `VALUE_RULE_PARAM`, `ALLOW_EMPTY`, `MIN_LENGTH`, `MAX_LENGTH`)
VALUES ('tde-master', 'plain', 'VARCHAR', '', 'STRING', '', '0', 0, 0);
INSERT INTO `pf_param_single`(`PARAM_CODE`, `STORE_TYPE`, `DATA_TYPE`, `DEFAULT_VALUE`, `VALUE_RULE`, `VALUE_RULE_PARAM`, `ALLOW_EMPTY`, `MIN_LENGTH`, `MAX_LENGTH`)
VALUES ('tde-maxRetry', 'plain', 'INTEGER', '10', 'INTEGER', '', '1', 0, 0);
INSERT INTO `pf_param_single`(`PARAM_CODE`, `STORE_TYPE`, `DATA_TYPE`, `DEFAULT_VALUE`, `VALUE_RULE`, `VALUE_RULE_PARAM`, `ALLOW_EMPTY`, `MIN_LENGTH`, `MAX_LENGTH`)
VALUES ('tde-slaver', 'plain', 'VARCHAR', '', 'STRING', '', '0', 0, 0);
INSERT INTO `pf_param_single`(`PARAM_CODE`, `STORE_TYPE`, `DATA_TYPE`, `DEFAULT_VALUE`, `VALUE_RULE`, `VALUE_RULE_PARAM`, `ALLOW_EMPTY`, `MIN_LENGTH`, `MAX_LENGTH`)
VALUES ('tde-tableId', 'plain', 'INTEGER', '', 'INTEGER', '', '0', 0, 0);
INSERT INTO `pf_param_single`(`PARAM_CODE`, `STORE_TYPE`, `DATA_TYPE`, `DEFAULT_VALUE`, `VALUE_RULE`, `VALUE_RULE_PARAM`, `ALLOW_EMPTY`, `MIN_LENGTH`, `MAX_LENGTH`)
VALUES ('tde-timeOut', 'plain', 'INTEGER', '1000', 'INTEGER', '', '1', 0, 0);
INSERT INTO `pf_param_single`(`PARAM_CODE`, `STORE_TYPE`, `DATA_TYPE`, `DEFAULT_VALUE`, `VALUE_RULE`, `VALUE_RULE_PARAM`, `ALLOW_EMPTY`, `MIN_LENGTH`, `MAX_LENGTH`)
VALUES ('TRY_LOGIN_TIMES', 'plain', 'INTEGER', '5', 'INTEGER', '(0, 5]', '1', 0, 0);
INSERT INTO `pf_param_single`(`PARAM_CODE`, `STORE_TYPE`, `DATA_TYPE`, `DEFAULT_VALUE`, `VALUE_RULE`, `VALUE_RULE_PARAM`, `ALLOW_EMPTY`, `MIN_LENGTH`, `MAX_LENGTH`)
VALUES ('tssd-addrs', 'plain', 'VARCHAR', '', 'STRING', '', '0', 0, 0);
INSERT INTO `pf_param_single`(`PARAM_CODE`, `STORE_TYPE`, `DATA_TYPE`, `DEFAULT_VALUE`, `VALUE_RULE`, `VALUE_RULE_PARAM`, `ALLOW_EMPTY`, `MIN_LENGTH`, `MAX_LENGTH`)
VALUES ('tssd-cmdId', 'plain', 'INTEGER', '', 'INTEGER', '', '0', 0, 0);
INSERT INTO `pf_param_single`(`PARAM_CODE`, `STORE_TYPE`, `DATA_TYPE`, `DEFAULT_VALUE`, `VALUE_RULE`, `VALUE_RULE_PARAM`, `ALLOW_EMPTY`, `MIN_LENGTH`, `MAX_LENGTH`)
VALUES ('tssd-dbid', 'plain', 'INTEGER', '', 'INTEGER', '', '0', 0, 0);
INSERT INTO `pf_param_single`(`PARAM_CODE`, `STORE_TYPE`, `DATA_TYPE`, `DEFAULT_VALUE`, `VALUE_RULE`, `VALUE_RULE_PARAM`, `ALLOW_EMPTY`, `MIN_LENGTH`, `MAX_LENGTH`)
VALUES ('tssd-modId', 'plain', 'INTEGER', '', 'INTEGER', '', '0', 0, 0);
INSERT INTO `pf_param_single`(`PARAM_CODE`, `STORE_TYPE`, `DATA_TYPE`, `DEFAULT_VALUE`, `VALUE_RULE`, `VALUE_RULE_PARAM`, `ALLOW_EMPTY`, `MIN_LENGTH`, `MAX_LENGTH`)
VALUES ('tssd-tableid', 'plain', 'INTEGER', '', 'INTEGER', '', '0', 0, 0);
INSERT INTO `pf_param_single`(`PARAM_CODE`, `STORE_TYPE`, `DATA_TYPE`, `DEFAULT_VALUE`, `VALUE_RULE`, `VALUE_RULE_PARAM`, `ALLOW_EMPTY`, `MIN_LENGTH`, `MAX_LENGTH`)
VALUES ('tssd-timeOut', 'plain', 'INTEGER', '1000', 'INTEGER', '', '1', 0, 0);
INSERT INTO `pf_param_single`(`PARAM_CODE`, `STORE_TYPE`, `DATA_TYPE`, `DEFAULT_VALUE`, `VALUE_RULE`, `VALUE_RULE_PARAM`, `ALLOW_EMPTY`, `MIN_LENGTH`, `MAX_LENGTH`)
VALUES ('USER_LOCALE', 'plain', 'VARCHAR', 'zh_CN', 'ENUM', 'LOCALE_OPTIONS', '', NULL, NULL);
INSERT INTO `pf_param_single`(`PARAM_CODE`, `STORE_TYPE`, `DATA_TYPE`, `DEFAULT_VALUE`, `VALUE_RULE`, `VALUE_RULE_PARAM`, `ALLOW_EMPTY`, `MIN_LENGTH`, `MAX_LENGTH`)
VALUES ('USER_THEME', 'plain', 'VARCHAR', 'default', 'ENUM', 'THEME_OPTIONS', NULL, NULL, NULL);

INSERT INTO `pf_param_region_enum`(`PARAM_CODE`, `ITEM_CODE`, `ITEM_TEXT`, `ITEM_PARAM`, `LEFT_SIGN`, `LEFT_VALUE`, `RIGHT_SIGN`, `RIGHT_VALUE`, `SEQNO`, `DES`)
VALUES ('TEST_REGION', 'A', 'A', '0以下', 'infinite', NULL, 'open', 0, 1, NULL);
INSERT INTO `pf_param_region_enum`(`PARAM_CODE`, `ITEM_CODE`, `ITEM_TEXT`, `ITEM_PARAM`, `LEFT_SIGN`, `LEFT_VALUE`, `RIGHT_SIGN`, `RIGHT_VALUE`, `SEQNO`, `DES`)
VALUES ('TEST_REGION', 'B1', 'B1', '0至100', 'closed', 0, 'open', 10, 2, NULL);
INSERT INTO `pf_param_region_enum`(`PARAM_CODE`, `ITEM_CODE`, `ITEM_TEXT`, `ITEM_PARAM`, `LEFT_SIGN`, `LEFT_VALUE`, `RIGHT_SIGN`, `RIGHT_VALUE`, `SEQNO`, `DES`)
VALUES ('TEST_REGION', 'B2', 'B2', '0至100', 'closed', 10, 'open', 30, 3, NULL);
INSERT INTO `pf_param_region_enum`(`PARAM_CODE`, `ITEM_CODE`, `ITEM_TEXT`, `ITEM_PARAM`, `LEFT_SIGN`, `LEFT_VALUE`, `RIGHT_SIGN`, `RIGHT_VALUE`, `SEQNO`, `DES`)
VALUES ('TEST_REGION', 'B3', 'B3', '0至100', 'closed', 30, 'open', 50, 4, NULL);
INSERT INTO `pf_param_region_enum`(`PARAM_CODE`, `ITEM_CODE`, `ITEM_TEXT`, `ITEM_PARAM`, `LEFT_SIGN`, `LEFT_VALUE`, `RIGHT_SIGN`, `RIGHT_VALUE`, `SEQNO`, `DES`)
VALUES ('TEST_REGION', 'B4', 'B4', '0至100', 'closed', 50, 'open', 100, 5, NULL);
INSERT INTO `pf_param_region_enum`(`PARAM_CODE`, `ITEM_CODE`, `ITEM_TEXT`, `ITEM_PARAM`, `LEFT_SIGN`, `LEFT_VALUE`, `RIGHT_SIGN`, `RIGHT_VALUE`, `SEQNO`, `DES`)
VALUES ('TEST_REGION', 'C1', 'C1', '100至10000', 'closed', 100, 'open', 1000, 6, NULL);
INSERT INTO `pf_param_region_enum`(`PARAM_CODE`, `ITEM_CODE`, `ITEM_TEXT`, `ITEM_PARAM`, `LEFT_SIGN`, `LEFT_VALUE`, `RIGHT_SIGN`, `RIGHT_VALUE`, `SEQNO`, `DES`)
VALUES ('TEST_REGION', 'C2', 'C2', '100至10000', 'closed', 1000, 'open', 5000, 7, NULL);
INSERT INTO `pf_param_region_enum`(`PARAM_CODE`, `ITEM_CODE`, `ITEM_TEXT`, `ITEM_PARAM`, `LEFT_SIGN`, `LEFT_VALUE`, `RIGHT_SIGN`, `RIGHT_VALUE`, `SEQNO`, `DES`)
VALUES ('TEST_REGION', 'C3', 'C3', '100至10000', 'closed', 5000, 'closed', 10000, 8, NULL);
INSERT INTO `pf_param_region_enum`(`PARAM_CODE`, `ITEM_CODE`, `ITEM_TEXT`, `ITEM_PARAM`, `LEFT_SIGN`, `LEFT_VALUE`, `RIGHT_SIGN`, `RIGHT_VALUE`, `SEQNO`, `DES`)
VALUES ('TEST_REGION', 'D', 'D', '10000以上', 'open', 10000, 'infinite', NULL, 9, NULL);

INSERT INTO `pf_param_list_enum`(`PARAM_CODE`, `ITEM_CODE`, `ITEM_TEXT`, `ITEM_PARAM`, `SEQNO`, `DES`)
VALUES ('AUTHZ_LEVEL_OPTIONS', '0', '不鉴权', '', 3, '');
INSERT INTO `pf_param_list_enum`(`PARAM_CODE`, `ITEM_CODE`, `ITEM_TEXT`, `ITEM_PARAM`, `SEQNO`, `DES`)
VALUES ('AUTHZ_LEVEL_OPTIONS', '1', '可见即可访问', '', 2, '');
INSERT INTO `pf_param_list_enum`(`PARAM_CODE`, `ITEM_CODE`, `ITEM_TEXT`, `ITEM_PARAM`, `SEQNO`, `DES`)
VALUES ('AUTHZ_LEVEL_OPTIONS', '2', '需要经过授权才能访问', '', 1, '');
INSERT INTO `pf_param_list_enum`(`PARAM_CODE`, `ITEM_CODE`, `ITEM_TEXT`, `ITEM_PARAM`, `SEQNO`, `DES`)
VALUES ('BOOLEAN_OPTIONS', '0', '否', NULL, 2, NULL);
INSERT INTO `pf_param_list_enum`(`PARAM_CODE`, `ITEM_CODE`, `ITEM_TEXT`, `ITEM_PARAM`, `SEQNO`, `DES`)
VALUES ('BOOLEAN_OPTIONS', '1', '是', NULL, 1, NULL);
INSERT INTO `pf_param_list_enum`(`PARAM_CODE`, `ITEM_CODE`, `ITEM_TEXT`, `ITEM_PARAM`, `SEQNO`, `DES`)
VALUES ('DATA_TYPE_OPTIONS', 'BOOLEAN', '布尔类型', '', 5, '');
INSERT INTO `pf_param_list_enum`(`PARAM_CODE`, `ITEM_CODE`, `ITEM_TEXT`, `ITEM_PARAM`, `SEQNO`, `DES`)
VALUES ('DATA_TYPE_OPTIONS', 'CHAR', '定长字符串', '', 4, '');
INSERT INTO `pf_param_list_enum`(`PARAM_CODE`, `ITEM_CODE`, `ITEM_TEXT`, `ITEM_PARAM`, `SEQNO`, `DES`)
VALUES ('DATA_TYPE_OPTIONS', 'DECIMAL', '数字型', '', 2, '');
INSERT INTO `pf_param_list_enum`(`PARAM_CODE`, `ITEM_CODE`, `ITEM_TEXT`, `ITEM_PARAM`, `SEQNO`, `DES`)
VALUES ('DATA_TYPE_OPTIONS', 'INTEGER', '整型', NULL, 1, NULL);
INSERT INTO `pf_param_list_enum`(`PARAM_CODE`, `ITEM_CODE`, `ITEM_TEXT`, `ITEM_PARAM`, `SEQNO`, `DES`)
VALUES ('DATA_TYPE_OPTIONS', 'PERCENTAG', '百分数类型', '', 6, '');
INSERT INTO `pf_param_list_enum`(`PARAM_CODE`, `ITEM_CODE`, `ITEM_TEXT`, `ITEM_PARAM`, `SEQNO`, `DES`)
VALUES ('DATA_TYPE_OPTIONS', 'VARCHAR', '字符串', '', 3, '');
INSERT INTO `pf_param_list_enum`(`PARAM_CODE`, `ITEM_CODE`, `ITEM_TEXT`, `ITEM_PARAM`, `SEQNO`, `DES`)
VALUES ('HTTP_METHOD_OPTIONS', '', '不限制', '', 0, '');
INSERT INTO `pf_param_list_enum`(`PARAM_CODE`, `ITEM_CODE`, `ITEM_TEXT`, `ITEM_PARAM`, `SEQNO`, `DES`)
VALUES ('HTTP_METHOD_OPTIONS', 'DELETE', 'DELETE—用于删除', '', 4, '');
INSERT INTO `pf_param_list_enum`(`PARAM_CODE`, `ITEM_CODE`, `ITEM_TEXT`, `ITEM_PARAM`, `SEQNO`, `DES`)
VALUES ('HTTP_METHOD_OPTIONS', 'GET', 'GET—用于查询', '', 1, '');
INSERT INTO `pf_param_list_enum`(`PARAM_CODE`, `ITEM_CODE`, `ITEM_TEXT`, `ITEM_PARAM`, `SEQNO`, `DES`)
VALUES ('HTTP_METHOD_OPTIONS', 'POST', 'POST—用于新增', '', 2, '');
INSERT INTO `pf_param_list_enum`(`PARAM_CODE`, `ITEM_CODE`, `ITEM_TEXT`, `ITEM_PARAM`, `SEQNO`, `DES`)
VALUES ('HTTP_METHOD_OPTIONS', 'PUT', 'PUT—用于修改', '', 3, '');
INSERT INTO `pf_param_list_enum`(`PARAM_CODE`, `ITEM_CODE`, `ITEM_TEXT`, `ITEM_PARAM`, `SEQNO`, `DES`)
VALUES ('LOCALE_OPTIONS', 'en_US', 'English', NULL, 3, NULL);
INSERT INTO `pf_param_list_enum`(`PARAM_CODE`, `ITEM_CODE`, `ITEM_TEXT`, `ITEM_PARAM`, `SEQNO`, `DES`)
VALUES ('LOCALE_OPTIONS', 'zh_CN', '简体中文', NULL, 1, NULL);
INSERT INTO `pf_param_list_enum`(`PARAM_CODE`, `ITEM_CODE`, `ITEM_TEXT`, `ITEM_PARAM`, `SEQNO`, `DES`)
VALUES ('LOCALE_OPTIONS', 'zh_TW', '繁體中文', NULL, 2, NULL);
INSERT INTO `pf_param_list_enum`(`PARAM_CODE`, `ITEM_CODE`, `ITEM_TEXT`, `ITEM_PARAM`, `SEQNO`, `DES`)
VALUES ('MENU_FLAG_OPTIONS', '10', '导航菜单', NULL, 1, '普通的菜单');
INSERT INTO `pf_param_list_enum`(`PARAM_CODE`, `ITEM_CODE`, `ITEM_TEXT`, `ITEM_PARAM`, `SEQNO`, `DES`)
VALUES ('MENU_FLAG_OPTIONS', '20', '非导航tab页', NULL, 2, '有单独的tab页面，但不显示为菜单');
INSERT INTO `pf_param_list_enum`(`PARAM_CODE`, `ITEM_CODE`, `ITEM_TEXT`, `ITEM_PARAM`, `SEQNO`, `DES`)
VALUES ('MENU_FLAG_OPTIONS', '30', '独立权限功能点', NULL, 3, '功能点，并且需要独立维护权限');
INSERT INTO `pf_param_list_enum`(`PARAM_CODE`, `ITEM_CODE`, `ITEM_TEXT`, `ITEM_PARAM`, `SEQNO`, `DES`)
VALUES ('MENU_FLAG_OPTIONS', '40', '依赖权限功能点', NULL, 4, '功能点，但是权限依赖别的菜单或功能点');
INSERT INTO `pf_param_list_enum`(`PARAM_CODE`, `ITEM_CODE`, `ITEM_TEXT`, `ITEM_PARAM`, `SEQNO`, `DES`)
VALUES ('MQ_TYPE_OPTIONS', 'HIPPO', 'HIPPO', '', 1, '');
INSERT INTO `pf_param_list_enum`(`PARAM_CODE`, `ITEM_CODE`, `ITEM_TEXT`, `ITEM_PARAM`, `SEQNO`, `DES`)
VALUES ('MQ_TYPE_OPTIONS', 'TUBE', 'TUBE', '', 0, '');
INSERT INTO `pf_param_list_enum`(`PARAM_CODE`, `ITEM_CODE`, `ITEM_TEXT`, `ITEM_PARAM`, `SEQNO`, `DES`)
VALUES ('PARAM_TYPE_OPTIONS', 'LIST', '枚举型参数', '', 2, '');
INSERT INTO `pf_param_list_enum`(`PARAM_CODE`, `ITEM_CODE`, `ITEM_TEXT`, `ITEM_PARAM`, `SEQNO`, `DES`)
VALUES ('PARAM_TYPE_OPTIONS', 'REGION', '区间型参数', '', 3, '');
INSERT INTO `pf_param_list_enum`(`PARAM_CODE`, `ITEM_CODE`, `ITEM_TEXT`, `ITEM_PARAM`, `SEQNO`, `DES`)
VALUES ('PARAM_TYPE_OPTIONS', 'SINGLE', '单值参数', '', 1, '');
INSERT INTO `pf_param_list_enum`(`PARAM_CODE`, `ITEM_CODE`, `ITEM_TEXT`, `ITEM_PARAM`, `SEQNO`, `DES`)
VALUES ('PARAM_TYPE_OPTIONS', 'TREE', '树型参数', '', 4, '');
INSERT INTO `pf_param_list_enum`(`PARAM_CODE`, `ITEM_CODE`, `ITEM_TEXT`, `ITEM_PARAM`, `SEQNO`, `DES`)
VALUES ('REGION_SIGN_OPTIONS', 'closed', '闭区间', '', 1, '');
INSERT INTO `pf_param_list_enum`(`PARAM_CODE`, `ITEM_CODE`, `ITEM_TEXT`, `ITEM_PARAM`, `SEQNO`, `DES`)
VALUES ('REGION_SIGN_OPTIONS', 'infinite', '无穷区间', '', 0, '');
INSERT INTO `pf_param_list_enum`(`PARAM_CODE`, `ITEM_CODE`, `ITEM_TEXT`, `ITEM_PARAM`, `SEQNO`, `DES`)
VALUES ('REGION_SIGN_OPTIONS', 'open', '开区间', '', 2, '');
INSERT INTO `pf_param_list_enum`(`PARAM_CODE`, `ITEM_CODE`, `ITEM_TEXT`, `ITEM_PARAM`, `SEQNO`, `DES`)
VALUES ('ROLE_LIMIT_SCOPE', 'DEPT', '同部门内约束', '', 2, '');
INSERT INTO `pf_param_list_enum`(`PARAM_CODE`, `ITEM_CODE`, `ITEM_TEXT`, `ITEM_PARAM`, `SEQNO`, `DES`)
VALUES ('ROLE_LIMIT_SCOPE', 'GLOBAL', '全局约束', NULL, 1, NULL);
INSERT INTO `pf_param_list_enum`(`PARAM_CODE`, `ITEM_CODE`, `ITEM_TEXT`, `ITEM_PARAM`, `SEQNO`, `DES`)
VALUES ('ROLE_MODE_OPTIONS', 'MULTI', '多角色混合', NULL, 2, NULL);
INSERT INTO `pf_param_list_enum`(`PARAM_CODE`, `ITEM_CODE`, `ITEM_TEXT`, `ITEM_PARAM`, `SEQNO`, `DES`)
VALUES ('ROLE_MODE_OPTIONS', 'SINGLE', '单角色登录', NULL, 1, NULL);
INSERT INTO `pf_param_list_enum`(`PARAM_CODE`, `ITEM_CODE`, `ITEM_TEXT`, `ITEM_PARAM`, `SEQNO`, `DES`)
VALUES ('STORE_TYPE_OPTIONS', 'env', '密文', NULL, 2, NULL);
INSERT INTO `pf_param_list_enum`(`PARAM_CODE`, `ITEM_CODE`, `ITEM_TEXT`, `ITEM_PARAM`, `SEQNO`, `DES`)
VALUES ('STORE_TYPE_OPTIONS', 'plain', '明文', NULL, 1, NULL);
INSERT INTO `pf_param_list_enum`(`PARAM_CODE`, `ITEM_CODE`, `ITEM_TEXT`, `ITEM_PARAM`, `SEQNO`, `DES`)
VALUES ('TEST_LIST', 'A1', '项A1', 'A类', 1, NULL);
INSERT INTO `pf_param_list_enum`(`PARAM_CODE`, `ITEM_CODE`, `ITEM_TEXT`, `ITEM_PARAM`, `SEQNO`, `DES`)
VALUES ('TEST_LIST', 'A2', '项A2', 'A类', 2, NULL);
INSERT INTO `pf_param_list_enum`(`PARAM_CODE`, `ITEM_CODE`, `ITEM_TEXT`, `ITEM_PARAM`, `SEQNO`, `DES`)
VALUES ('TEST_LIST', 'A3', '项A3', 'A类', 3, NULL);
INSERT INTO `pf_param_list_enum`(`PARAM_CODE`, `ITEM_CODE`, `ITEM_TEXT`, `ITEM_PARAM`, `SEQNO`, `DES`)
VALUES ('TEST_LIST', 'B1', '项B1', 'B类', 4, NULL);
INSERT INTO `pf_param_list_enum`(`PARAM_CODE`, `ITEM_CODE`, `ITEM_TEXT`, `ITEM_PARAM`, `SEQNO`, `DES`)
VALUES ('TEST_LIST', 'B2', '项B2', 'B类', 5, NULL);
INSERT INTO `pf_param_list_enum`(`PARAM_CODE`, `ITEM_CODE`, `ITEM_TEXT`, `ITEM_PARAM`, `SEQNO`, `DES`)
VALUES ('TEST_LIST', 'C1', '项C1', 'C类', 6, NULL);
INSERT INTO `pf_param_list_enum`(`PARAM_CODE`, `ITEM_CODE`, `ITEM_TEXT`, `ITEM_PARAM`, `SEQNO`, `DES`)
VALUES ('THEME_OPTIONS', 'blue', '蓝色', NULL, 2, NULL);
INSERT INTO `pf_param_list_enum`(`PARAM_CODE`, `ITEM_CODE`, `ITEM_TEXT`, `ITEM_PARAM`, `SEQNO`, `DES`)
VALUES ('THEME_OPTIONS', 'default', '默认', NULL, 1, NULL);
INSERT INTO `pf_param_list_enum`(`PARAM_CODE`, `ITEM_CODE`, `ITEM_TEXT`, `ITEM_PARAM`, `SEQNO`, `DES`)
VALUES ('USER_LABLE_OPTIONS', 'DEPT', '用户部门', '', 2, '');
INSERT INTO `pf_param_list_enum`(`PARAM_CODE`, `ITEM_CODE`, `ITEM_TEXT`, `ITEM_PARAM`, `SEQNO`, `DES`)
VALUES ('USER_LABLE_OPTIONS', 'ROLE', '用户角色', '', 1, '');
INSERT INTO `pf_param_list_enum`(`PARAM_CODE`, `ITEM_CODE`, `ITEM_TEXT`, `ITEM_PARAM`, `SEQNO`, `DES`)
VALUES ('USER_LABLE_OPTIONS', 'TYPE', '用户类别', '', 3, '');
INSERT INTO `pf_param_list_enum`(`PARAM_CODE`, `ITEM_CODE`, `ITEM_TEXT`, `ITEM_PARAM`, `SEQNO`, `DES`)
VALUES ('VALUE_RULE_OPTIONS', 'ENUM', '枚举型', '', 2, '');
INSERT INTO `pf_param_list_enum`(`PARAM_CODE`, `ITEM_CODE`, `ITEM_TEXT`, `ITEM_PARAM`, `SEQNO`, `DES`)
VALUES ('VALUE_RULE_OPTIONS', 'INTEGER', '整型', '', 0, '');
INSERT INTO `pf_param_list_enum`(`PARAM_CODE`, `ITEM_CODE`, `ITEM_TEXT`, `ITEM_PARAM`, `SEQNO`, `DES`)
VALUES ('VALUE_RULE_OPTIONS', 'NUMBER', '数字型', '', 1, '');
INSERT INTO `pf_param_list_enum`(`PARAM_CODE`, `ITEM_CODE`, `ITEM_TEXT`, `ITEM_PARAM`, `SEQNO`, `DES`)
VALUES ('VALUE_RULE_OPTIONS', 'STRING', '字符串', '', 3, '');

INSERT INTO `pf_param_def`(`PARAM_CODE`, `PARAM_NAME`, `PARAM_GROUP`, `PARAM_TYPE`, `EDITABLE`, `VERSION`, `USE_FLAG`, `SEQNO`, `DES`)
VALUES ('AUTHZ_LEVEL', '应用授权级别', 'APP_PROFILE', 'SINGLE', '1', NULL, NULL, 17, NULL);
INSERT INTO `pf_param_def`(`PARAM_CODE`, `PARAM_NAME`, `PARAM_GROUP`, `PARAM_TYPE`, `EDITABLE`, `VERSION`, `USE_FLAG`, `SEQNO`, `DES`)
VALUES ('AUTHZ_LEVEL_OPTIONS', '鉴权级别选项', 'ENUM_OPTIONS', 'LIST', '0', NULL, NULL, 12, '');
INSERT INTO `pf_param_def`(`PARAM_CODE`, `PARAM_NAME`, `PARAM_GROUP`, `PARAM_TYPE`, `EDITABLE`, `VERSION`, `USE_FLAG`, `SEQNO`, `DES`)
VALUES ('BOOLEAN_OPTIONS', '布尔选项', 'ENUM_OPTIONS', 'LIST', '0', NULL, NULL, 4, NULL);
INSERT INTO `pf_param_def`(`PARAM_CODE`, `PARAM_NAME`, `PARAM_GROUP`, `PARAM_TYPE`, `EDITABLE`, `VERSION`, `USE_FLAG`, `SEQNO`, `DES`)
VALUES ('DATA_TYPE_OPTIONS', '数据类型选项', 'ENUM_OPTIONS', 'LIST', '0', NULL, NULL, 6, '');
INSERT INTO `pf_param_def`(`PARAM_CODE`, `PARAM_NAME`, `PARAM_GROUP`, `PARAM_TYPE`, `EDITABLE`, `VERSION`, `USE_FLAG`, `SEQNO`, `DES`)
VALUES ('hbase-zk-host', 'ZK主机', 'HBASE', 'SINGLE', '1', NULL, NULL, 36, '');
INSERT INTO `pf_param_def`(`PARAM_CODE`, `PARAM_NAME`, `PARAM_GROUP`, `PARAM_TYPE`, `EDITABLE`, `VERSION`, `USE_FLAG`, `SEQNO`, `DES`)
VALUES ('hbase-zk-port', 'ZK端口', 'HBASE', 'SINGLE', '1', NULL, NULL, 37, '');
INSERT INTO `pf_param_def`(`PARAM_CODE`, `PARAM_NAME`, `PARAM_GROUP`, `PARAM_TYPE`, `EDITABLE`, `VERSION`, `USE_FLAG`, `SEQNO`, `DES`)
VALUES ('hbase-zk-znode', 'ZK父节点', 'HBASE', 'SINGLE', '1', NULL, NULL, 38, '');
INSERT INTO `pf_param_def`(`PARAM_CODE`, `PARAM_NAME`, `PARAM_GROUP`, `PARAM_TYPE`, `EDITABLE`, `VERSION`, `USE_FLAG`, `SEQNO`, `DES`)
VALUES ('HTTP_METHOD_OPTIONS', 'HTTP方法选项', 'ENUM_OPTIONS', 'LIST', '0', NULL, NULL, 13, '');
INSERT INTO `pf_param_def`(`PARAM_CODE`, `PARAM_NAME`, `PARAM_GROUP`, `PARAM_TYPE`, `EDITABLE`, `VERSION`, `USE_FLAG`, `SEQNO`, `DES`)
VALUES ('LOCALE_OPTIONS', '语言选项', 'ENUM_OPTIONS', 'LIST', '0', NULL, NULL, 3, NULL);
INSERT INTO `pf_param_def`(`PARAM_CODE`, `PARAM_NAME`, `PARAM_GROUP`, `PARAM_TYPE`, `EDITABLE`, `VERSION`, `USE_FLAG`, `SEQNO`, `DES`)
VALUES ('LOCKED_TIME', '锁定时间', 'APP_PROFILE', 'SINGLE', '1', NULL, NULL, 18, '单位为分钟');
INSERT INTO `pf_param_def`(`PARAM_CODE`, `PARAM_NAME`, `PARAM_GROUP`, `PARAM_TYPE`, `EDITABLE`, `VERSION`, `USE_FLAG`, `SEQNO`, `DES`)
VALUES ('MENU_FLAG_OPTIONS', '菜单标志', 'ENUM_OPTIONS', 'LIST', '0', NULL, NULL, 7, NULL);
INSERT INTO `pf_param_def`(`PARAM_CODE`, `PARAM_NAME`, `PARAM_GROUP`, `PARAM_TYPE`, `EDITABLE`, `VERSION`, `USE_FLAG`, `SEQNO`, `DES`)
VALUES ('MQ_TYPE_OPTIONS', 'MQ类型', 'ENUM_OPTIONS', 'LIST', '1', NULL, NULL, 35, '');
INSERT INTO `pf_param_def`(`PARAM_CODE`, `PARAM_NAME`, `PARAM_GROUP`, `PARAM_TYPE`, `EDITABLE`, `VERSION`, `USE_FLAG`, `SEQNO`, `DES`)
VALUES ('ONLINE_SESSION_NUM', '在线会话数', 'APP_PROFILE', 'SINGLE', '1', NULL, NULL, 21, NULL);
INSERT INTO `pf_param_def`(`PARAM_CODE`, `PARAM_NAME`, `PARAM_GROUP`, `PARAM_TYPE`, `EDITABLE`, `VERSION`, `USE_FLAG`, `SEQNO`, `DES`)
VALUES ('PARAM_GROUP_NODES', '参数组别节点', 'TREE_NODES', 'TREE', '1', NULL, NULL, 24, NULL);
INSERT INTO `pf_param_def`(`PARAM_CODE`, `PARAM_NAME`, `PARAM_GROUP`, `PARAM_TYPE`, `EDITABLE`, `VERSION`, `USE_FLAG`, `SEQNO`, `DES`)
VALUES ('PARAM_TYPE_OPTIONS', '参数类型选项', 'ENUM_OPTIONS', 'LIST', '0', NULL, NULL, 9, NULL);
INSERT INTO `pf_param_def`(`PARAM_CODE`, `PARAM_NAME`, `PARAM_GROUP`, `PARAM_TYPE`, `EDITABLE`, `VERSION`, `USE_FLAG`, `SEQNO`, `DES`)
VALUES ('REGION_SIGN_OPTIONS', '区间标志选项', 'ENUM_OPTIONS', 'LIST', '0', NULL, NULL, 0, '');
INSERT INTO `pf_param_def`(`PARAM_CODE`, `PARAM_NAME`, `PARAM_GROUP`, `PARAM_TYPE`, `EDITABLE`, `VERSION`, `USE_FLAG`, `SEQNO`, `DES`)
VALUES ('ROLE_LIMIT_GROUP', '角色约束组别', 'TREE_NODES', 'TREE', '1', NULL, NULL, 23, NULL);
INSERT INTO `pf_param_def`(`PARAM_CODE`, `PARAM_NAME`, `PARAM_GROUP`, `PARAM_TYPE`, `EDITABLE`, `VERSION`, `USE_FLAG`, `SEQNO`, `DES`)
VALUES ('ROLE_LIMIT_SCOPE', '角色约束范围', 'ENUM_OPTIONS', 'LIST', '1', NULL, NULL, 5, '');
INSERT INTO `pf_param_def`(`PARAM_CODE`, `PARAM_NAME`, `PARAM_GROUP`, `PARAM_TYPE`, `EDITABLE`, `VERSION`, `USE_FLAG`, `SEQNO`, `DES`)
VALUES ('ROLE_MODE', '角色模式', 'APP_PROFILE', 'SINGLE', '1', NULL, NULL, 15, '一个用户是否可以有多个角色\r\n有多个角色时，每次登陆是否只能使用其中一个角色');
INSERT INTO `pf_param_def`(`PARAM_CODE`, `PARAM_NAME`, `PARAM_GROUP`, `PARAM_TYPE`, `EDITABLE`, `VERSION`, `USE_FLAG`, `SEQNO`, `DES`)
VALUES ('ROLE_MODE_OPTIONS', '角色模式选项', 'ENUM_OPTIONS', 'LIST', '0', NULL, NULL, 8, NULL);
INSERT INTO `pf_param_def`(`PARAM_CODE`, `PARAM_NAME`, `PARAM_GROUP`, `PARAM_TYPE`, `EDITABLE`, `VERSION`, `USE_FLAG`, `SEQNO`, `DES`)
VALUES ('smart_api_app_jar_path', '应用Jar包的路径', 'SMART_API_PROFILE', 'SINGLE', '1', NULL, NULL, 39, '');
INSERT INTO `pf_param_def`(`PARAM_CODE`, `PARAM_NAME`, `PARAM_GROUP`, `PARAM_TYPE`, `EDITABLE`, `VERSION`, `USE_FLAG`, `SEQNO`, `DES`)
VALUES ('STORE_TYPE_OPTIONS', '存储类型选项', 'ENUM_OPTIONS', 'LIST', '0', NULL, NULL, 10, '');
INSERT INTO `pf_param_def`(`PARAM_CODE`, `PARAM_NAME`, `PARAM_GROUP`, `PARAM_TYPE`, `EDITABLE`, `VERSION`, `USE_FLAG`, `SEQNO`, `DES`)
VALUES ('tdbank-consumerGroup', '消费分组', 'TDBANK', 'SINGLE', '1', NULL, NULL, 29, '');
INSERT INTO `pf_param_def`(`PARAM_CODE`, `PARAM_NAME`, `PARAM_GROUP`, `PARAM_TYPE`, `EDITABLE`, `VERSION`, `USE_FLAG`, `SEQNO`, `DES`)
VALUES ('tdbank-localeMessageQueueCapacity', '本地缓存队列的大小', 'TDBANK', 'SINGLE', '1', NULL, NULL, 31, '');
INSERT INTO `pf_param_def`(`PARAM_CODE`, `PARAM_NAME`, `PARAM_GROUP`, `PARAM_TYPE`, `EDITABLE`, `VERSION`, `USE_FLAG`, `SEQNO`, `DES`)
VALUES ('tdbank-master', '主机', 'TDBANK', 'SINGLE', '1', NULL, NULL, 27, '');
INSERT INTO `pf_param_def`(`PARAM_CODE`, `PARAM_NAME`, `PARAM_GROUP`, `PARAM_TYPE`, `EDITABLE`, `VERSION`, `USE_FLAG`, `SEQNO`, `DES`)
VALUES ('tdbank-tdMsg', '是否为TD消息', 'TDBANK', 'SINGLE', '1', NULL, NULL, 34, '');
INSERT INTO `pf_param_def`(`PARAM_CODE`, `PARAM_NAME`, `PARAM_GROUP`, `PARAM_TYPE`, `EDITABLE`, `VERSION`, `USE_FLAG`, `SEQNO`, `DES`)
VALUES ('tdbank-timeout', '客户端访问超时时间', 'TDBANK', 'SINGLE', '1', NULL, NULL, 32, '');
INSERT INTO `pf_param_def`(`PARAM_CODE`, `PARAM_NAME`, `PARAM_GROUP`, `PARAM_TYPE`, `EDITABLE`, `VERSION`, `USE_FLAG`, `SEQNO`, `DES`)
VALUES ('tdbank-topic', '主题', 'TDBANK', 'SINGLE', '1', NULL, NULL, 28, '');
INSERT INTO `pf_param_def`(`PARAM_CODE`, `PARAM_NAME`, `PARAM_GROUP`, `PARAM_TYPE`, `EDITABLE`, `VERSION`, `USE_FLAG`, `SEQNO`, `DES`)
VALUES ('tdbank-type', 'MQ类型', 'TDBANK', 'SINGLE', '1', NULL, NULL, 26, '');
INSERT INTO `pf_param_def`(`PARAM_CODE`, `PARAM_NAME`, `PARAM_GROUP`, `PARAM_TYPE`, `EDITABLE`, `VERSION`, `USE_FLAG`, `SEQNO`, `DES`)
VALUES ('tde-expire', '默认过期时间', 'TDE', 'SINGLE', '1', NULL, NULL, 6, '单位为秒');
INSERT INTO `pf_param_def`(`PARAM_CODE`, `PARAM_NAME`, `PARAM_GROUP`, `PARAM_TYPE`, `EDITABLE`, `VERSION`, `USE_FLAG`, `SEQNO`, `DES`)
VALUES ('tde-groupName', '分组名', 'TDE', 'SINGLE', '1', NULL, NULL, 3, '');
INSERT INTO `pf_param_def`(`PARAM_CODE`, `PARAM_NAME`, `PARAM_GROUP`, `PARAM_TYPE`, `EDITABLE`, `VERSION`, `USE_FLAG`, `SEQNO`, `DES`)
VALUES ('tde-master', '主机', 'TDE', 'SINGLE', '1', NULL, NULL, 1, '');
INSERT INTO `pf_param_def`(`PARAM_CODE`, `PARAM_NAME`, `PARAM_GROUP`, `PARAM_TYPE`, `EDITABLE`, `VERSION`, `USE_FLAG`, `SEQNO`, `DES`)
VALUES ('tde-maxRetry', '客户端最大尝试次数', 'TDE', 'SINGLE', '1', NULL, NULL, 5, '');
INSERT INTO `pf_param_def`(`PARAM_CODE`, `PARAM_NAME`, `PARAM_GROUP`, `PARAM_TYPE`, `EDITABLE`, `VERSION`, `USE_FLAG`, `SEQNO`, `DES`)
VALUES ('tde-slaver', '备机', 'TDE', 'SINGLE', '1', NULL, NULL, 2, '');
INSERT INTO `pf_param_def`(`PARAM_CODE`, `PARAM_NAME`, `PARAM_GROUP`, `PARAM_TYPE`, `EDITABLE`, `VERSION`, `USE_FLAG`, `SEQNO`, `DES`)
VALUES ('tde-tableId', '缓存表ID', 'TDE', 'SINGLE', '1', NULL, NULL, 25, '');
INSERT INTO `pf_param_def`(`PARAM_CODE`, `PARAM_NAME`, `PARAM_GROUP`, `PARAM_TYPE`, `EDITABLE`, `VERSION`, `USE_FLAG`, `SEQNO`, `DES`)
VALUES ('tde-timeOut', '客户端超时时间', 'TDE', 'SINGLE', '1', NULL, NULL, 4, '');
INSERT INTO `pf_param_def`(`PARAM_CODE`, `PARAM_NAME`, `PARAM_GROUP`, `PARAM_TYPE`, `EDITABLE`, `VERSION`, `USE_FLAG`, `SEQNO`, `DES`)
VALUES ('test', '测试', 'TEST', 'SINGLE', '1', NULL, NULL, 0, '');
INSERT INTO `pf_param_def`(`PARAM_CODE`, `PARAM_NAME`, `PARAM_GROUP`, `PARAM_TYPE`, `EDITABLE`, `VERSION`, `USE_FLAG`, `SEQNO`, `DES`)
VALUES ('TEST_LIST', '枚举型测试', 'TEST', 'LIST', '1', NULL, NULL, 1, NULL);
INSERT INTO `pf_param_def`(`PARAM_CODE`, `PARAM_NAME`, `PARAM_GROUP`, `PARAM_TYPE`, `EDITABLE`, `VERSION`, `USE_FLAG`, `SEQNO`, `DES`)
VALUES ('TEST_REGION', '区间型测试', 'TEST', 'REGION', '1', NULL, NULL, 14, NULL);
INSERT INTO `pf_param_def`(`PARAM_CODE`, `PARAM_NAME`, `PARAM_GROUP`, `PARAM_TYPE`, `EDITABLE`, `VERSION`, `USE_FLAG`, `SEQNO`, `DES`)
VALUES ('TEST_TREE', '树型数据测试', 'TEST', 'TREE', '1', NULL, NULL, 22, NULL);
INSERT INTO `pf_param_def`(`PARAM_CODE`, `PARAM_NAME`, `PARAM_GROUP`, `PARAM_TYPE`, `EDITABLE`, `VERSION`, `USE_FLAG`, `SEQNO`, `DES`)
VALUES ('THEME_OPTIONS', '主题选项', 'ENUM_OPTIONS', 'LIST', '0', NULL, NULL, 2, NULL);
INSERT INTO `pf_param_def`(`PARAM_CODE`, `PARAM_NAME`, `PARAM_GROUP`, `PARAM_TYPE`, `EDITABLE`, `VERSION`, `USE_FLAG`, `SEQNO`, `DES`)
VALUES ('TRY_LOGIN_TIMES', '最大尝试次数', 'APP_PROFILE', 'SINGLE', '1', NULL, NULL, 20, '密码最多尝试次数');
INSERT INTO `pf_param_def`(`PARAM_CODE`, `PARAM_NAME`, `PARAM_GROUP`, `PARAM_TYPE`, `EDITABLE`, `VERSION`, `USE_FLAG`, `SEQNO`, `DES`)
VALUES ('tssd-addrs', '地址列表', 'TSSD', 'SINGLE', '1', NULL, NULL, 41, '多个地址使用逗号分隔');
INSERT INTO `pf_param_def`(`PARAM_CODE`, `PARAM_NAME`, `PARAM_GROUP`, `PARAM_TYPE`, `EDITABLE`, `VERSION`, `USE_FLAG`, `SEQNO`, `DES`)
VALUES ('tssd-cmdId', 'CMDID', 'TSSD', 'SINGLE', '1', NULL, NULL, 43, '');
INSERT INTO `pf_param_def`(`PARAM_CODE`, `PARAM_NAME`, `PARAM_GROUP`, `PARAM_TYPE`, `EDITABLE`, `VERSION`, `USE_FLAG`, `SEQNO`, `DES`)
VALUES ('tssd-dbid', 'DBID', 'TSSD', 'SINGLE', '1', NULL, NULL, 44, '');
INSERT INTO `pf_param_def`(`PARAM_CODE`, `PARAM_NAME`, `PARAM_GROUP`, `PARAM_TYPE`, `EDITABLE`, `VERSION`, `USE_FLAG`, `SEQNO`, `DES`)
VALUES ('tssd-modId', 'MODID', 'TSSD', 'SINGLE', '1', NULL, NULL, 42, '');
INSERT INTO `pf_param_def`(`PARAM_CODE`, `PARAM_NAME`, `PARAM_GROUP`, `PARAM_TYPE`, `EDITABLE`, `VERSION`, `USE_FLAG`, `SEQNO`, `DES`)
VALUES ('tssd-tableid', 'TABLEID', 'TSSD', 'SINGLE', '1', NULL, NULL, 45, '');
INSERT INTO `pf_param_def`(`PARAM_CODE`, `PARAM_NAME`, `PARAM_GROUP`, `PARAM_TYPE`, `EDITABLE`, `VERSION`, `USE_FLAG`, `SEQNO`, `DES`)
VALUES ('tssd-timeOut', '超时时间', 'TSSD', 'SINGLE', '1', NULL, NULL, 40, '');
INSERT INTO `pf_param_def`(`PARAM_CODE`, `PARAM_NAME`, `PARAM_GROUP`, `PARAM_TYPE`, `EDITABLE`, `VERSION`, `USE_FLAG`, `SEQNO`, `DES`)
VALUES ('USER_LABLE_OPTIONS', '用户标签类型', 'ENUM_OPTIONS', 'LIST', '1', NULL, NULL, 11, '');
INSERT INTO `pf_param_def`(`PARAM_CODE`, `PARAM_NAME`, `PARAM_GROUP`, `PARAM_TYPE`, `EDITABLE`, `VERSION`, `USE_FLAG`, `SEQNO`, `DES`)
VALUES ('USER_LOCALE', '用户语言', 'USER_PROFILE', 'SINGLE', '1', NULL, NULL, 19, NULL);
INSERT INTO `pf_param_def`(`PARAM_CODE`, `PARAM_NAME`, `PARAM_GROUP`, `PARAM_TYPE`, `EDITABLE`, `VERSION`, `USE_FLAG`, `SEQNO`, `DES`)
VALUES ('USER_THEME', '用户主题', 'USER_PROFILE', 'SINGLE', '1', NULL, NULL, 16, NULL);
INSERT INTO `pf_param_def`(`PARAM_CODE`, `PARAM_NAME`, `PARAM_GROUP`, `PARAM_TYPE`, `EDITABLE`, `VERSION`, `USE_FLAG`, `SEQNO`, `DES`)
VALUES ('VALUE_RULE_OPTIONS', '取值规则选项', 'ENUM_OPTIONS', 'LIST', '1', NULL, NULL, 0, '');

INSERT INTO `pf_menu`(`MENU_ID`, `PARENT_MENU_ID`, `MENU_NAME`, `MENU_FLAG`, `ICON`, `METHOD`, `URL`, `SHOW_AREA`, `SHOW_PAGE_NAME`, `APP_ID`, `SEQNO`, `DES`)
VALUES ('008038f6-0d6d-4896-bc4a-78bd1569831d', '1245f6c2-22ff-4ccd-bc95-7072a5f26d3e', '保存应用设置', '40', '', 'PUT', '/v1/system/profiles', '', '', '1', 3, '');
INSERT INTO `pf_menu`(`MENU_ID`, `PARENT_MENU_ID`, `MENU_NAME`, `MENU_FLAG`, `ICON`, `METHOD`, `URL`, `SHOW_AREA`, `SHOW_PAGE_NAME`, `APP_ID`, `SEQNO`, `DES`)
VALUES ('04ed7452-74f3-4483-92e7-1d5bd6890a0b', '3ebf13e0-6d67-4c86-bc88-8d1947edd7a7', '加载用户设置类别', '40', '', 'GET', '/v1/system/users/profiles/tree', '', '', '1', 1, '');
INSERT INTO `pf_menu`(`MENU_ID`, `PARENT_MENU_ID`, `MENU_NAME`, `MENU_FLAG`, `ICON`, `METHOD`, `URL`, `SHOW_AREA`, `SHOW_PAGE_NAME`, `APP_ID`, `SEQNO`, `DES`)
VALUES ('0536c6c0-3c94-4575-900f-a67c77a8b421', '4425621d-f787-4531-899e-e4ba15115869', '新增', '40', '', 'POST', '/v1/system/roles', '', '', '1', 4, '');
INSERT INTO `pf_menu`(`MENU_ID`, `PARENT_MENU_ID`, `MENU_NAME`, `MENU_FLAG`, `ICON`, `METHOD`, `URL`, `SHOW_AREA`, `SHOW_PAGE_NAME`, `APP_ID`, `SEQNO`, `DES`)
VALUES ('09fda1c6-cad4-426a-bf18-dd9e09fb626c', '5db99a9b-3223-475d-8113-9b176989e57b', '修改树型参数明细', '40', '', 'PUT', '/v1/system/param/trees/{paramCode}', '', '', '1', 13, '');
INSERT INTO `pf_menu`(`MENU_ID`, `PARENT_MENU_ID`, `MENU_NAME`, `MENU_FLAG`, `ICON`, `METHOD`, `URL`, `SHOW_AREA`, `SHOW_PAGE_NAME`, `APP_ID`, `SEQNO`, `DES`)
VALUES ('0b9e26d9-b2df-4a7b-8287-6e1ddbcd1fc0', '5db99a9b-3223-475d-8113-9b176989e57b', '加载树型参数明细', '40', '', 'GET', '/v1/system/param/trees/{paramCode}', '', '', '1', 12, '');
INSERT INTO `pf_menu`(`MENU_ID`, `PARENT_MENU_ID`, `MENU_NAME`, `MENU_FLAG`, `ICON`, `METHOD`, `URL`, `SHOW_AREA`, `SHOW_PAGE_NAME`, `APP_ID`, `SEQNO`, `DES`)
VALUES ('11d68c48-0c02-4d7c-ad36-2aaf3b5b9806', '1d944201-a76d-45c9-b589-7e9816e20b63', '开发支持', '10', 'icon-431', '', '', '', '', '1', 2, '1、客户端选择脚手架及其版本，勾选依赖库\r\n2、服务端生成源代码，并打包供客户端下载');
INSERT INTO `pf_menu`(`MENU_ID`, `PARENT_MENU_ID`, `MENU_NAME`, `MENU_FLAG`, `ICON`, `METHOD`, `URL`, `SHOW_AREA`, `SHOW_PAGE_NAME`, `APP_ID`, `SEQNO`, `DES`)
VALUES ('1245f6c2-22ff-4ccd-bc95-7072a5f26d3e', 'bed2a1af-fc78-40b2-85a9-dc6410dc95b6', '应用设置', '10', '', '', 'system/profile/profile', '', '', '1', 1, '');
INSERT INTO `pf_menu`(`MENU_ID`, `PARENT_MENU_ID`, `MENU_NAME`, `MENU_FLAG`, `ICON`, `METHOD`, `URL`, `SHOW_AREA`, `SHOW_PAGE_NAME`, `APP_ID`, `SEQNO`, `DES`)
VALUES ('135ff4a7-8773-4db4-833f-54958edc2b14', 'ee01b8b4-a905-48d1-af32-d117602ada10', '修改实体属性', '40', '', 'PUT', '/v1/system/entitys/properties/{entityId}', '', '', '1', 7, '');
INSERT INTO `pf_menu`(`MENU_ID`, `PARENT_MENU_ID`, `MENU_NAME`, `MENU_FLAG`, `ICON`, `METHOD`, `URL`, `SHOW_AREA`, `SHOW_PAGE_NAME`, `APP_ID`, `SEQNO`, `DES`)
VALUES ('1445e932-62fd-471e-9f65-531e4236d95b', 'd5afd94d-502e-45ac-8b5a-44e7b1503173', '移动菜单', '40', '', 'POST', '/v1/system/menus/{code}', '', '', '1', 5, '');
INSERT INTO `pf_menu`(`MENU_ID`, `PARENT_MENU_ID`, `MENU_NAME`, `MENU_FLAG`, `ICON`, `METHOD`, `URL`, `SHOW_AREA`, `SHOW_PAGE_NAME`, `APP_ID`, `SEQNO`, `DES`)
VALUES ('1721b9bc-0bb0-40c9-b9e9-8895bbac49ed', '3ebf13e0-6d67-4c86-bc88-8d1947edd7a7', '加载用户设置列表', '40', '', 'GET', '/v1/system/users/profiles', '', '', '1', 2, '');
INSERT INTO `pf_menu`(`MENU_ID`, `PARENT_MENU_ID`, `MENU_NAME`, `MENU_FLAG`, `ICON`, `METHOD`, `URL`, `SHOW_AREA`, `SHOW_PAGE_NAME`, `APP_ID`, `SEQNO`, `DES`)
VALUES ('195eefbf-69f3-4666-ac71-b88a8acc62f1', '1245f6c2-22ff-4ccd-bc95-7072a5f26d3e', '加载应用设置列表', '40', '', 'GET', '/v1/system/profiles', '', '', '1', 2, '');
INSERT INTO `pf_menu`(`MENU_ID`, `PARENT_MENU_ID`, `MENU_NAME`, `MENU_FLAG`, `ICON`, `METHOD`, `URL`, `SHOW_AREA`, `SHOW_PAGE_NAME`, `APP_ID`, `SEQNO`, `DES`)
VALUES ('1b6bf913-b176-4f82-b49b-e85d16619456', '7cebefd0-35a1-4290-8879-678a628446ee', '查询用户列表', '40', '', 'GET', '/v1/system/users', '', '', '1', 1, '');
INSERT INTO `pf_menu`(`MENU_ID`, `PARENT_MENU_ID`, `MENU_NAME`, `MENU_FLAG`, `ICON`, `METHOD`, `URL`, `SHOW_AREA`, `SHOW_PAGE_NAME`, `APP_ID`, `SEQNO`, `DES`)
VALUES ('1d944201-a76d-45c9-b589-7e9816e20b63', '768b7143-ea94-4b3a-ae5e-85a871e4bcab', '智能网关', '10', 'icon-403', '', '', '', '', '1', 6, '');
INSERT INTO `pf_menu`(`MENU_ID`, `PARENT_MENU_ID`, `MENU_NAME`, `MENU_FLAG`, `ICON`, `METHOD`, `URL`, `SHOW_AREA`, `SHOW_PAGE_NAME`, `APP_ID`, `SEQNO`, `DES`)
VALUES ('34c7a28d-11a0-47c8-9995-48af6a1b1333', 'd5afd94d-502e-45ac-8b5a-44e7b1503173', '删除菜单', '40', '', 'DELETE', '/v1/system/menus/{code}', '', '', '1', 6, '');
INSERT INTO `pf_menu`(`MENU_ID`, `PARENT_MENU_ID`, `MENU_NAME`, `MENU_FLAG`, `ICON`, `METHOD`, `URL`, `SHOW_AREA`, `SHOW_PAGE_NAME`, `APP_ID`, `SEQNO`, `DES`)
VALUES ('3750ecb9-d414-4602-9a4a-3cb7b6ca27d1', 'd5afd94d-502e-45ac-8b5a-44e7b1503173', '更新菜单', '40', '', 'PUT', '/v1/system/menus/{code}', '', '', '1', 3, '');
INSERT INTO `pf_menu`(`MENU_ID`, `PARENT_MENU_ID`, `MENU_NAME`, `MENU_FLAG`, `ICON`, `METHOD`, `URL`, `SHOW_AREA`, `SHOW_PAGE_NAME`, `APP_ID`, `SEQNO`, `DES`)
VALUES ('3960278a-9587-48f9-9fd5-d69b0cd67861', 'bed2a1af-fc78-40b2-85a9-dc6410dc95b6', '节假日维护', '10', NULL, '', 'system/holiday/holiday', '', '', '1', 3, '节假日维护');
INSERT INTO `pf_menu`(`MENU_ID`, `PARENT_MENU_ID`, `MENU_NAME`, `MENU_FLAG`, `ICON`, `METHOD`, `URL`, `SHOW_AREA`, `SHOW_PAGE_NAME`, `APP_ID`, `SEQNO`, `DES`)
VALUES ('398f3c2b-adb8-48de-b726-66c78992a34a', '768b7143-ea94-4b3a-ae5e-85a871e4bcab', 'TDE查询', '10', 'icon-124', '', 'fit/tde/tde', '', '', '1', 1, '');
INSERT INTO `pf_menu`(`MENU_ID`, `PARENT_MENU_ID`, `MENU_NAME`, `MENU_FLAG`, `ICON`, `METHOD`, `URL`, `SHOW_AREA`, `SHOW_PAGE_NAME`, `APP_ID`, `SEQNO`, `DES`)
VALUES ('3e8c0c89-4b80-47ee-950e-8a517476410a', '43520970-9635-4045-b92c-2a256da19316', '启用', '40', '', 'PUT', '/v1/system/users/states/{userId}/enable', '', '', '1', 1, '');
INSERT INTO `pf_menu`(`MENU_ID`, `PARENT_MENU_ID`, `MENU_NAME`, `MENU_FLAG`, `ICON`, `METHOD`, `URL`, `SHOW_AREA`, `SHOW_PAGE_NAME`, `APP_ID`, `SEQNO`, `DES`)
VALUES ('3ebf13e0-6d67-4c86-bc88-8d1947edd7a7', '4ce1a31e-94bc-4162-a2cb-57cff67ad9f1', '用户设置', '10', NULL, '', 'system/userprofile/profile', '', '', '1', 3, '用户个性设置');
INSERT INTO `pf_menu`(`MENU_ID`, `PARENT_MENU_ID`, `MENU_NAME`, `MENU_FLAG`, `ICON`, `METHOD`, `URL`, `SHOW_AREA`, `SHOW_PAGE_NAME`, `APP_ID`, `SEQNO`, `DES`)
VALUES ('4181290a-5fc5-4bcd-aca0-6ed92114a69e', '0', '系统管理', '10', NULL, '', '', '', '', '1', 1, '系统管理');
INSERT INTO `pf_menu`(`MENU_ID`, `PARENT_MENU_ID`, `MENU_NAME`, `MENU_FLAG`, `ICON`, `METHOD`, `URL`, `SHOW_AREA`, `SHOW_PAGE_NAME`, `APP_ID`, `SEQNO`, `DES`)
VALUES ('43520970-9635-4045-b92c-2a256da19316', '4ce1a31e-94bc-4162-a2cb-57cff67ad9f1', '用户状态', '30', '', '', '', '', '', '1', 1, '');
INSERT INTO `pf_menu`(`MENU_ID`, `PARENT_MENU_ID`, `MENU_NAME`, `MENU_FLAG`, `ICON`, `METHOD`, `URL`, `SHOW_AREA`, `SHOW_PAGE_NAME`, `APP_ID`, `SEQNO`, `DES`)
VALUES ('43d2b7ee-23e6-4586-b73f-f3f2a8b2b16a', '4181290a-5fc5-4bcd-aca0-6ed92114a69e', '角色管理', '10', 'icon-183', '', '', '', '', '1', 2, '角色管理');
INSERT INTO `pf_menu`(`MENU_ID`, `PARENT_MENU_ID`, `MENU_NAME`, `MENU_FLAG`, `ICON`, `METHOD`, `URL`, `SHOW_AREA`, `SHOW_PAGE_NAME`, `APP_ID`, `SEQNO`, `DES`)
VALUES ('4425621d-f787-4531-899e-e4ba15115869', '43d2b7ee-23e6-4586-b73f-f3f2a8b2b16a', '角色管理', '10', NULL, '', 'system/role/role', '', '', '1', 1, '角色管理');
INSERT INTO `pf_menu`(`MENU_ID`, `PARENT_MENU_ID`, `MENU_NAME`, `MENU_FLAG`, `ICON`, `METHOD`, `URL`, `SHOW_AREA`, `SHOW_PAGE_NAME`, `APP_ID`, `SEQNO`, `DES`)
VALUES ('476d7187-9807-4ed7-9c0e-d27820b3d85a', 'ee01b8b4-a905-48d1-af32-d117602ada10', '修改实体', '40', '', 'PUT', '/v1/system/entitys/{entityId}', '', '', '1', 4, '');
INSERT INTO `pf_menu`(`MENU_ID`, `PARENT_MENU_ID`, `MENU_NAME`, `MENU_FLAG`, `ICON`, `METHOD`, `URL`, `SHOW_AREA`, `SHOW_PAGE_NAME`, `APP_ID`, `SEQNO`, `DES`)
VALUES ('4871c980-470f-4868-a216-4a6bff433ac3', 'c63661e1-275c-456d-a4cf-9b136a9b22b2', '图标示例', '10', '', '', 'doc/icons/icons', '', '', '1', 28, '');
INSERT INTO `pf_menu`(`MENU_ID`, `PARENT_MENU_ID`, `MENU_NAME`, `MENU_FLAG`, `ICON`, `METHOD`, `URL`, `SHOW_AREA`, `SHOW_PAGE_NAME`, `APP_ID`, `SEQNO`, `DES`)
VALUES ('4b79bf1a-5c68-475d-8e7b-1b3394b262a4', 'ee01b8b4-a905-48d1-af32-d117602ada10', '加载实体属性', '40', '', 'GET', '/v1/system/entitys/properties/{entityId}', '', '', '1', 6, '');
INSERT INTO `pf_menu`(`MENU_ID`, `PARENT_MENU_ID`, `MENU_NAME`, `MENU_FLAG`, `ICON`, `METHOD`, `URL`, `SHOW_AREA`, `SHOW_PAGE_NAME`, `APP_ID`, `SEQNO`, `DES`)
VALUES ('4ce1a31e-94bc-4162-a2cb-57cff67ad9f1', '4181290a-5fc5-4bcd-aca0-6ed92114a69e', '用户管理', '10', 'icon-198', '', '', '', '', '1', 1, '用户管理');
INSERT INTO `pf_menu`(`MENU_ID`, `PARENT_MENU_ID`, `MENU_NAME`, `MENU_FLAG`, `ICON`, `METHOD`, `URL`, `SHOW_AREA`, `SHOW_PAGE_NAME`, `APP_ID`, `SEQNO`, `DES`)
VALUES ('4f07598f-f433-44c9-95ac-416fdfa0af4a', '768b7143-ea94-4b3a-ae5e-85a871e4bcab', 'Tube/Hippo消费', '10', 'icon-122', '', 'fit/tdbank/tdbank', '', '', '1', 3, '');
INSERT INTO `pf_menu`(`MENU_ID`, `PARENT_MENU_ID`, `MENU_NAME`, `MENU_FLAG`, `ICON`, `METHOD`, `URL`, `SHOW_AREA`, `SHOW_PAGE_NAME`, `APP_ID`, `SEQNO`, `DES`)
VALUES ('517cbeb1-c8aa-44f2-8135-494b15181088', '87155af2-32dc-4da5-9975-a55a2fbedb3c', '访问日志', '10', '', '', '', '', '', '1', 2, '');
INSERT INTO `pf_menu`(`MENU_ID`, `PARENT_MENU_ID`, `MENU_NAME`, `MENU_FLAG`, `ICON`, `METHOD`, `URL`, `SHOW_AREA`, `SHOW_PAGE_NAME`, `APP_ID`, `SEQNO`, `DES`)
VALUES ('5321e324-d203-453e-92e9-c33566d4ad16', '1245f6c2-22ff-4ccd-bc95-7072a5f26d3e', '加载应用设置类别', '40', '', 'GET', '/v1/system/profiles/tree', '', '', '1', 1, '');
INSERT INTO `pf_menu`(`MENU_ID`, `PARENT_MENU_ID`, `MENU_NAME`, `MENU_FLAG`, `ICON`, `METHOD`, `URL`, `SHOW_AREA`, `SHOW_PAGE_NAME`, `APP_ID`, `SEQNO`, `DES`)
VALUES ('5347ce68-f775-4964-a965-833d8e4e87ed', '1d944201-a76d-45c9-b589-7e9816e20b63', '应用管理', '10', 'icon-381', '', '', '', '', '1', 1, '1、创建应用\r\n2、修改应用\r\n3、删除应用\r\n供智能网关管理员/应用管理员使用');
INSERT INTO `pf_menu`(`MENU_ID`, `PARENT_MENU_ID`, `MENU_NAME`, `MENU_FLAG`, `ICON`, `METHOD`, `URL`, `SHOW_AREA`, `SHOW_PAGE_NAME`, `APP_ID`, `SEQNO`, `DES`)
VALUES ('59cf7143-2913-446a-93b8-212018f45c97', '87155af2-32dc-4da5-9975-a55a2fbedb3c', '登录日志', '10', '', '', '', '', '', '1', 1, '');
INSERT INTO `pf_menu`(`MENU_ID`, `PARENT_MENU_ID`, `MENU_NAME`, `MENU_FLAG`, `ICON`, `METHOD`, `URL`, `SHOW_AREA`, `SHOW_PAGE_NAME`, `APP_ID`, `SEQNO`, `DES`)
VALUES ('5db99a9b-3223-475d-8113-9b176989e57b', 'bed2a1af-fc78-40b2-85a9-dc6410dc95b6', '参数定义', '10', 'icon-217', '', 'system/param/define', '', '', '1', 0, '');
INSERT INTO `pf_menu`(`MENU_ID`, `PARENT_MENU_ID`, `MENU_NAME`, `MENU_FLAG`, `ICON`, `METHOD`, `URL`, `SHOW_AREA`, `SHOW_PAGE_NAME`, `APP_ID`, `SEQNO`, `DES`)
VALUES ('5f153d02-fc21-4610-903b-8e85fa69f489', '7cebefd0-35a1-4290-8879-678a628446ee', '删除', '40', '', 'DELETE', '/v1/system/users', '', '', '1', 6, '');
INSERT INTO `pf_menu`(`MENU_ID`, `PARENT_MENU_ID`, `MENU_NAME`, `MENU_FLAG`, `ICON`, `METHOD`, `URL`, `SHOW_AREA`, `SHOW_PAGE_NAME`, `APP_ID`, `SEQNO`, `DES`)
VALUES ('60514bec-21b4-47e9-9aa8-e029b5b59506', '5db99a9b-3223-475d-8113-9b176989e57b', '修改参数定义', '40', '', 'PUT', '/v1/system/param/defines/{paramCode}', '', '', '1', 4, '');
INSERT INTO `pf_menu`(`MENU_ID`, `PARENT_MENU_ID`, `MENU_NAME`, `MENU_FLAG`, `ICON`, `METHOD`, `URL`, `SHOW_AREA`, `SHOW_PAGE_NAME`, `APP_ID`, `SEQNO`, `DES`)
VALUES ('670a6b90-4b6e-4042-b6e0-b5a11379816a', '7cebefd0-35a1-4290-8879-678a628446ee', '新增', '40', '', 'POST', '/v1/system/users', '', '', '1', 4, '');
INSERT INTO `pf_menu`(`MENU_ID`, `PARENT_MENU_ID`, `MENU_NAME`, `MENU_FLAG`, `ICON`, `METHOD`, `URL`, `SHOW_AREA`, `SHOW_PAGE_NAME`, `APP_ID`, `SEQNO`, `DES`)
VALUES ('6ac5e5b2-8948-4106-b685-aa037b34909d', '5db99a9b-3223-475d-8113-9b176989e57b', '加载区间参数明细', '40', '', 'GET', '/v1/system/param/regions/{paramCode}', '', '', '1', 10, '');
INSERT INTO `pf_menu`(`MENU_ID`, `PARENT_MENU_ID`, `MENU_NAME`, `MENU_FLAG`, `ICON`, `METHOD`, `URL`, `SHOW_AREA`, `SHOW_PAGE_NAME`, `APP_ID`, `SEQNO`, `DES`)
VALUES ('6e557f72-c432-4b00-aca4-2214f28a4382', '43520970-9635-4045-b92c-2a256da19316', '停用', '40', '', 'PUT', '/v1/system/users/states/{userId}/disable', '', '', '1', 2, '');
INSERT INTO `pf_menu`(`MENU_ID`, `PARENT_MENU_ID`, `MENU_NAME`, `MENU_FLAG`, `ICON`, `METHOD`, `URL`, `SHOW_AREA`, `SHOW_PAGE_NAME`, `APP_ID`, `SEQNO`, `DES`)
VALUES ('6eac2707-955f-4dc7-b8fe-21b8309399ee', '7cebefd0-35a1-4290-8879-678a628446ee', '修改用户密码', '40', '', 'PUT', '/v1/system/users/{userId}/password', '', '', '1', 7, '');
INSERT INTO `pf_menu`(`MENU_ID`, `PARENT_MENU_ID`, `MENU_NAME`, `MENU_FLAG`, `ICON`, `METHOD`, `URL`, `SHOW_AREA`, `SHOW_PAGE_NAME`, `APP_ID`, `SEQNO`, `DES`)
VALUES ('6f4fb14e-f1a5-4894-89a8-feb3e1909946', '0', '公共功能', '30', '', '', '', '', '', '1', 0, '将不显示为菜单，并且公共的功能放在该菜单下面，比如登录用户获取导航菜单等');
INSERT INTO `pf_menu`(`MENU_ID`, `PARENT_MENU_ID`, `MENU_NAME`, `MENU_FLAG`, `ICON`, `METHOD`, `URL`, `SHOW_AREA`, `SHOW_PAGE_NAME`, `APP_ID`, `SEQNO`, `DES`)
VALUES ('7342ca7c-44e5-406e-af09-bc1a9d864b29', '4ce1a31e-94bc-4162-a2cb-57cff67ad9f1', '在线用户', '10', NULL, '', 'system/useronline/online', '', '', '1', 2, '在线用户');
INSERT INTO `pf_menu`(`MENU_ID`, `PARENT_MENU_ID`, `MENU_NAME`, `MENU_FLAG`, `ICON`, `METHOD`, `URL`, `SHOW_AREA`, `SHOW_PAGE_NAME`, `APP_ID`, `SEQNO`, `DES`)
VALUES ('75e4f376-b50f-4080-bca7-09cbfa1b792a', 'bed2a1af-fc78-40b2-85a9-dc6410dc95b6', '密钥管理', '10', '', '', 'system/rsakey/key', '', '', '1', 2, '');
INSERT INTO `pf_menu`(`MENU_ID`, `PARENT_MENU_ID`, `MENU_NAME`, `MENU_FLAG`, `ICON`, `METHOD`, `URL`, `SHOW_AREA`, `SHOW_PAGE_NAME`, `APP_ID`, `SEQNO`, `DES`)
VALUES ('768b7143-ea94-4b3a-ae5e-85a871e4bcab', '0', '应用辅助', '10', '', '', '', '', '', '1', 2, '');
INSERT INTO `pf_menu`(`MENU_ID`, `PARENT_MENU_ID`, `MENU_NAME`, `MENU_FLAG`, `ICON`, `METHOD`, `URL`, `SHOW_AREA`, `SHOW_PAGE_NAME`, `APP_ID`, `SEQNO`, `DES`)
VALUES ('7773d4b3-bcd1-49a1-879d-5f85317bc7d9', '768b7143-ea94-4b3a-ae5e-85a871e4bcab', '自选股指标', '10', 'icon-74', '', 'fit/selfstock/feature', '', '', '1', 4, '');
INSERT INTO `pf_menu`(`MENU_ID`, `PARENT_MENU_ID`, `MENU_NAME`, `MENU_FLAG`, `ICON`, `METHOD`, `URL`, `SHOW_AREA`, `SHOW_PAGE_NAME`, `APP_ID`, `SEQNO`, `DES`)
VALUES ('7a00bea2-93c5-4c42-9abb-a5dfe355e7ba', '7342ca7c-44e5-406e-af09-bc1a9d864b29', '强制离线', '40', '', 'GET', '/v1/system/users/states/{userId}/offline', '', '', '1', 2, '');
INSERT INTO `pf_menu`(`MENU_ID`, `PARENT_MENU_ID`, `MENU_NAME`, `MENU_FLAG`, `ICON`, `METHOD`, `URL`, `SHOW_AREA`, `SHOW_PAGE_NAME`, `APP_ID`, `SEQNO`, `DES`)
VALUES ('7cebefd0-35a1-4290-8879-678a628446ee', '4ce1a31e-94bc-4162-a2cb-57cff67ad9f1', '用户管理', '10', NULL, '', 'system/user/user', '', '', '1', 0, '用户管理');
INSERT INTO `pf_menu`(`MENU_ID`, `PARENT_MENU_ID`, `MENU_NAME`, `MENU_FLAG`, `ICON`, `METHOD`, `URL`, `SHOW_AREA`, `SHOW_PAGE_NAME`, `APP_ID`, `SEQNO`, `DES`)
VALUES ('7de64d2e-5334-4141-b5f3-585a80afc5c3', '43d2b7ee-23e6-4586-b73f-f3f2a8b2b16a', '角色约束管理', '10', NULL, '', 'system/rolelimit/rolelimit', '', '', '1', 2, '角色约束管理');
INSERT INTO `pf_menu`(`MENU_ID`, `PARENT_MENU_ID`, `MENU_NAME`, `MENU_FLAG`, `ICON`, `METHOD`, `URL`, `SHOW_AREA`, `SHOW_PAGE_NAME`, `APP_ID`, `SEQNO`, `DES`)
VALUES ('83922049-925f-4f59-b520-b366b8d46ed1', '1d944201-a76d-45c9-b589-7e9816e20b63', '应用运维', '10', 'icon-430', '', '', '', '', '1', 4, '应用状态监控、应用暂停、流量切换、发布新版、版本回退等');
INSERT INTO `pf_menu`(`MENU_ID`, `PARENT_MENU_ID`, `MENU_NAME`, `MENU_FLAG`, `ICON`, `METHOD`, `URL`, `SHOW_AREA`, `SHOW_PAGE_NAME`, `APP_ID`, `SEQNO`, `DES`)
VALUES ('83af2ef7-7d77-42c7-8d61-06191c3c53c1', 'ee01b8b4-a905-48d1-af32-d117602ada10', '新增实体', '40', '', 'POST', '/v1/system/entitys', '', '', '1', 3, '');
INSERT INTO `pf_menu`(`MENU_ID`, `PARENT_MENU_ID`, `MENU_NAME`, `MENU_FLAG`, `ICON`, `METHOD`, `URL`, `SHOW_AREA`, `SHOW_PAGE_NAME`, `APP_ID`, `SEQNO`, `DES`)
VALUES ('83f65382-0026-449e-882b-c5fa7d5f88cf', '4181290a-5fc5-4bcd-aca0-6ed92114a69e', '机构管理', '10', NULL, '', 'system/org/org', '', '', '1', 4, '机构管理');
INSERT INTO `pf_menu`(`MENU_ID`, `PARENT_MENU_ID`, `MENU_NAME`, `MENU_FLAG`, `ICON`, `METHOD`, `URL`, `SHOW_AREA`, `SHOW_PAGE_NAME`, `APP_ID`, `SEQNO`, `DES`)
VALUES ('87155af2-32dc-4da5-9975-a55a2fbedb3c', '4181290a-5fc5-4bcd-aca0-6ed92114a69e', '系统日志', '10', '', '', '', '', '', '1', 7, '');
INSERT INTO `pf_menu`(`MENU_ID`, `PARENT_MENU_ID`, `MENU_NAME`, `MENU_FLAG`, `ICON`, `METHOD`, `URL`, `SHOW_AREA`, `SHOW_PAGE_NAME`, `APP_ID`, `SEQNO`, `DES`)
VALUES ('88a80217-43e4-44bc-8a37-139ecc5e55d0', 'd5afd94d-502e-45ac-8b5a-44e7b1503173', '查找菜单', '40', '', 'GET', '/v1/system/menus/{menuId}', '', '', '1', 2, '');
INSERT INTO `pf_menu`(`MENU_ID`, `PARENT_MENU_ID`, `MENU_NAME`, `MENU_FLAG`, `ICON`, `METHOD`, `URL`, `SHOW_AREA`, `SHOW_PAGE_NAME`, `APP_ID`, `SEQNO`, `DES`)
VALUES ('91e0e953-636c-430e-9d04-94b240348283', '7cebefd0-35a1-4290-8879-678a628446ee', '重置用户密码', '40', '', 'POST', '/v1/system/users/{userId}/password', '', '', '1', 8, '');
INSERT INTO `pf_menu`(`MENU_ID`, `PARENT_MENU_ID`, `MENU_NAME`, `MENU_FLAG`, `ICON`, `METHOD`, `URL`, `SHOW_AREA`, `SHOW_PAGE_NAME`, `APP_ID`, `SEQNO`, `DES`)
VALUES ('9351b9a0-8d45-4851-a66f-73d2f34340fd', '1d944201-a76d-45c9-b589-7e9816e20b63', '参数配置', '10', 'icon-466', '', '', '', '', '1', 0, '智能网关自身的配置，供智能网关管理员使用');
INSERT INTO `pf_menu`(`MENU_ID`, `PARENT_MENU_ID`, `MENU_NAME`, `MENU_FLAG`, `ICON`, `METHOD`, `URL`, `SHOW_AREA`, `SHOW_PAGE_NAME`, `APP_ID`, `SEQNO`, `DES`)
VALUES ('940e8009-96e4-49ec-afa3-be0d4b52ff62', '4425621d-f787-4531-899e-e4ba15115869', '删除', '40', '', 'DELETE', '/v1/system/roles', '', '', '1', 6, '');
INSERT INTO `pf_menu`(`MENU_ID`, `PARENT_MENU_ID`, `MENU_NAME`, `MENU_FLAG`, `ICON`, `METHOD`, `URL`, `SHOW_AREA`, `SHOW_PAGE_NAME`, `APP_ID`, `SEQNO`, `DES`)
VALUES ('9ef3f3d6-71eb-40f7-bb60-5b7b9011038f', 'ee01b8b4-a905-48d1-af32-d117602ada10', '查询实体列表', '40', '', 'GET', '/v1/system/entitys', '', '', '1', 2, '');
INSERT INTO `pf_menu`(`MENU_ID`, `PARENT_MENU_ID`, `MENU_NAME`, `MENU_FLAG`, `ICON`, `METHOD`, `URL`, `SHOW_AREA`, `SHOW_PAGE_NAME`, `APP_ID`, `SEQNO`, `DES`)
VALUES ('a27369f6-6c19-44d1-9875-231b4349005a', '4425621d-f787-4531-899e-e4ba15115869', '新增时查询菜单树', '40', '', 'GET', '/v1/system/roles/perms', '', '', '1', 2, '');
INSERT INTO `pf_menu`(`MENU_ID`, `PARENT_MENU_ID`, `MENU_NAME`, `MENU_FLAG`, `ICON`, `METHOD`, `URL`, `SHOW_AREA`, `SHOW_PAGE_NAME`, `APP_ID`, `SEQNO`, `DES`)
VALUES ('a5bdccfc-eba6-447b-a4cc-810832a5fb06', '768b7143-ea94-4b3a-ae5e-85a871e4bcab', 'TSSD查询', '10', 'icon-116', '', 'fit/tssd/tssd', '', '', '1', 2, '');
INSERT INTO `pf_menu`(`MENU_ID`, `PARENT_MENU_ID`, `MENU_NAME`, `MENU_FLAG`, `ICON`, `METHOD`, `URL`, `SHOW_AREA`, `SHOW_PAGE_NAME`, `APP_ID`, `SEQNO`, `DES`)
VALUES ('a5f80d76-71c3-493a-9607-b2ecc5ed0f6b', '5db99a9b-3223-475d-8113-9b176989e57b', '加载参数组别', '40', '', 'GET', '/v1/system/param/defines/tree', '', '', '1', 1, '');
INSERT INTO `pf_menu`(`MENU_ID`, `PARENT_MENU_ID`, `MENU_NAME`, `MENU_FLAG`, `ICON`, `METHOD`, `URL`, `SHOW_AREA`, `SHOW_PAGE_NAME`, `APP_ID`, `SEQNO`, `DES`)
VALUES ('a60f6f81-ae7f-4607-bb36-d028587bf101', '6f4fb14e-f1a5-4894-89a8-feb3e1909946', '导航菜单', '30', '', 'GET', '', '', '', '1', 1, '');
INSERT INTO `pf_menu`(`MENU_ID`, `PARENT_MENU_ID`, `MENU_NAME`, `MENU_FLAG`, `ICON`, `METHOD`, `URL`, `SHOW_AREA`, `SHOW_PAGE_NAME`, `APP_ID`, `SEQNO`, `DES`)
VALUES ('a6fd2728-843a-4d60-9501-7c901df68808', 'd5afd94d-502e-45ac-8b5a-44e7b1503173', '添加菜单', '40', '', 'POST', '/v1/system/menus', '', '', '1', 4, '');
INSERT INTO `pf_menu`(`MENU_ID`, `PARENT_MENU_ID`, `MENU_NAME`, `MENU_FLAG`, `ICON`, `METHOD`, `URL`, `SHOW_AREA`, `SHOW_PAGE_NAME`, `APP_ID`, `SEQNO`, `DES`)
VALUES ('ab044cfd-5097-43a0-8c10-0e162ecd2966', '5db99a9b-3223-475d-8113-9b176989e57b', '新增参数定义', '40', '', 'POST', '/v1/system/param/defines', '', '', '1', 3, '');
INSERT INTO `pf_menu`(`MENU_ID`, `PARENT_MENU_ID`, `MENU_NAME`, `MENU_FLAG`, `ICON`, `METHOD`, `URL`, `SHOW_AREA`, `SHOW_PAGE_NAME`, `APP_ID`, `SEQNO`, `DES`)
VALUES ('ac38d170-f8d8-460d-9675-77a91ec93357', '768b7143-ea94-4b3a-ae5e-85a871e4bcab', 'Hbase查询', '10', 'icon-117', '', 'fit/hbase/hbase', '', '', '1', 0, '');
INSERT INTO `pf_menu`(`MENU_ID`, `PARENT_MENU_ID`, `MENU_NAME`, `MENU_FLAG`, `ICON`, `METHOD`, `URL`, `SHOW_AREA`, `SHOW_PAGE_NAME`, `APP_ID`, `SEQNO`, `DES`)
VALUES ('af41e2cf-f332-4ac7-a43a-1715893756a7', '43520970-9635-4045-b92c-2a256da19316', '手工解锁', '40', '', 'PUT', '/v1/system/users/states/{userId}/unlock', '', '', '1', 4, '');
INSERT INTO `pf_menu`(`MENU_ID`, `PARENT_MENU_ID`, `MENU_NAME`, `MENU_FLAG`, `ICON`, `METHOD`, `URL`, `SHOW_AREA`, `SHOW_PAGE_NAME`, `APP_ID`, `SEQNO`, `DES`)
VALUES ('b14bd0c2-f14e-435e-8587-7076e631a0fe', '5db99a9b-3223-475d-8113-9b176989e57b', '加载枚举参数明细', '40', '', 'GET', '/v1/system/param/enums/{paramCode}', '', '', '1', 8, '');
INSERT INTO `pf_menu`(`MENU_ID`, `PARENT_MENU_ID`, `MENU_NAME`, `MENU_FLAG`, `ICON`, `METHOD`, `URL`, `SHOW_AREA`, `SHOW_PAGE_NAME`, `APP_ID`, `SEQNO`, `DES`)
VALUES ('b2490225-84de-47d6-93e0-9e39258d10e2', '75e4f376-b50f-4080-bca7-09cbfa1b792a', '查询秘钥', '40', '', 'GET', '/v1/system/rsakeypairs', '', '', '1', 1, '');
INSERT INTO `pf_menu`(`MENU_ID`, `PARENT_MENU_ID`, `MENU_NAME`, `MENU_FLAG`, `ICON`, `METHOD`, `URL`, `SHOW_AREA`, `SHOW_PAGE_NAME`, `APP_ID`, `SEQNO`, `DES`)
VALUES ('b3497ad6-c7fc-4644-b3a7-0d1de947c2db', '4425621d-f787-4531-899e-e4ba15115869', '修改', '40', '', 'PUT', '/v1/system/roles/{roleId}', '', '', '1', 5, '');
INSERT INTO `pf_menu`(`MENU_ID`, `PARENT_MENU_ID`, `MENU_NAME`, `MENU_FLAG`, `ICON`, `METHOD`, `URL`, `SHOW_AREA`, `SHOW_PAGE_NAME`, `APP_ID`, `SEQNO`, `DES`)
VALUES ('b5846a4f-7c19-406d-90a8-279917483737', '75e4f376-b50f-4080-bca7-09cbfa1b792a', '刷新秘钥', '40', '', 'PUT', '/v1/system/rsakeypairs', '', '', '1', 2, '');
INSERT INTO `pf_menu`(`MENU_ID`, `PARENT_MENU_ID`, `MENU_NAME`, `MENU_FLAG`, `ICON`, `METHOD`, `URL`, `SHOW_AREA`, `SHOW_PAGE_NAME`, `APP_ID`, `SEQNO`, `DES`)
VALUES ('b90e900c-59a8-4e23-a30c-e08c36993d71', 'ee01b8b4-a905-48d1-af32-d117602ada10', '删除实体', '40', '', 'DELETE', '/v1/system/entitys', '', '', '1', 5, '');
INSERT INTO `pf_menu`(`MENU_ID`, `PARENT_MENU_ID`, `MENU_NAME`, `MENU_FLAG`, `ICON`, `METHOD`, `URL`, `SHOW_AREA`, `SHOW_PAGE_NAME`, `APP_ID`, `SEQNO`, `DES`)
VALUES ('be22d32e-fc17-4963-85cb-69ba91e9fe48', '5db99a9b-3223-475d-8113-9b176989e57b', '加载单值参数明细', '40', '', 'GET', '/v1/system/param/singles/{paramCode}', '', '', '1', 6, '');
INSERT INTO `pf_menu`(`MENU_ID`, `PARENT_MENU_ID`, `MENU_NAME`, `MENU_FLAG`, `ICON`, `METHOD`, `URL`, `SHOW_AREA`, `SHOW_PAGE_NAME`, `APP_ID`, `SEQNO`, `DES`)
VALUES ('bed2a1af-fc78-40b2-85a9-dc6410dc95b6', '4181290a-5fc5-4bcd-aca0-6ed92114a69e', '参数设置', '10', 'icon-188', '', '', '', '', '1', 0, '');
INSERT INTO `pf_menu`(`MENU_ID`, `PARENT_MENU_ID`, `MENU_NAME`, `MENU_FLAG`, `ICON`, `METHOD`, `URL`, `SHOW_AREA`, `SHOW_PAGE_NAME`, `APP_ID`, `SEQNO`, `DES`)
VALUES ('c3fdc5e7-ec75-4adf-ad76-920184ec0cef', '5db99a9b-3223-475d-8113-9b176989e57b', '修改单值参数明细', '40', '', 'PUT', '/v1/system/param/singles/{paramCode}', '', '', '1', 7, '');
INSERT INTO `pf_menu`(`MENU_ID`, `PARENT_MENU_ID`, `MENU_NAME`, `MENU_FLAG`, `ICON`, `METHOD`, `URL`, `SHOW_AREA`, `SHOW_PAGE_NAME`, `APP_ID`, `SEQNO`, `DES`)
VALUES ('c53d95ff-e52b-4f1d-a7af-fe2a1be4f175', '4181290a-5fc5-4bcd-aca0-6ed92114a69e', '自助运维', '10', '', '', 'system/devops/devops', '', '', '1', 6, '');
INSERT INTO `pf_menu`(`MENU_ID`, `PARENT_MENU_ID`, `MENU_NAME`, `MENU_FLAG`, `ICON`, `METHOD`, `URL`, `SHOW_AREA`, `SHOW_PAGE_NAME`, `APP_ID`, `SEQNO`, `DES`)
VALUES ('c63661e1-275c-456d-a4cf-9b136a9b22b2', 'd5664dc1-9467-4d01-beaa-d331eb2edd69', 'UI辅助开发', '10', 'icon-80', '', '', '', '', '1', 27, '');
INSERT INTO `pf_menu`(`MENU_ID`, `PARENT_MENU_ID`, `MENU_NAME`, `MENU_FLAG`, `ICON`, `METHOD`, `URL`, `SHOW_AREA`, `SHOW_PAGE_NAME`, `APP_ID`, `SEQNO`, `DES`)
VALUES ('c794b789-4e55-4112-9cd9-2b78ad3cee6f', '5db99a9b-3223-475d-8113-9b176989e57b', '删除参数定义', '40', '', 'DELETE', '/v1/system/param/defines', '', '', '1', 5, '');
INSERT INTO `pf_menu`(`MENU_ID`, `PARENT_MENU_ID`, `MENU_NAME`, `MENU_FLAG`, `ICON`, `METHOD`, `URL`, `SHOW_AREA`, `SHOW_PAGE_NAME`, `APP_ID`, `SEQNO`, `DES`)
VALUES ('cea0137a-718b-4f3e-9860-0a4c221a798a', '7342ca7c-44e5-406e-af09-bc1a9d864b29', '在线用户查询', '40', '', 'GET', '/v1/system/log/logins/onlines', '', '', '1', 1, '');
INSERT INTO `pf_menu`(`MENU_ID`, `PARENT_MENU_ID`, `MENU_NAME`, `MENU_FLAG`, `ICON`, `METHOD`, `URL`, `SHOW_AREA`, `SHOW_PAGE_NAME`, `APP_ID`, `SEQNO`, `DES`)
VALUES ('cfed5829-45a5-409f-96ed-fa4a841de472', 'c63661e1-275c-456d-a4cf-9b136a9b22b2', '下拉选项示例', '10', '', '', 'doc/combos/combos', '', '', '1', 29, '');
INSERT INTO `pf_menu`(`MENU_ID`, `PARENT_MENU_ID`, `MENU_NAME`, `MENU_FLAG`, `ICON`, `METHOD`, `URL`, `SHOW_AREA`, `SHOW_PAGE_NAME`, `APP_ID`, `SEQNO`, `DES`)
VALUES ('d2124722-7456-4f2d-81ec-00ce228f082f', '4425621d-f787-4531-899e-e4ba15115869', '修改时查询菜单树', '40', '', 'GET', '/v1/system/roles/perms/{roleId}', '', '', '1', 3, '');
INSERT INTO `pf_menu`(`MENU_ID`, `PARENT_MENU_ID`, `MENU_NAME`, `MENU_FLAG`, `ICON`, `METHOD`, `URL`, `SHOW_AREA`, `SHOW_PAGE_NAME`, `APP_ID`, `SEQNO`, `DES`)
VALUES ('d24f3038-e77a-402a-8b0d-9537e7d83b4e', '7cebefd0-35a1-4290-8879-678a628446ee', '新增时查询角色列表', '40', '', 'GET', '/v1/system/users/roles', '', '', '1', 2, '');
INSERT INTO `pf_menu`(`MENU_ID`, `PARENT_MENU_ID`, `MENU_NAME`, `MENU_FLAG`, `ICON`, `METHOD`, `URL`, `SHOW_AREA`, `SHOW_PAGE_NAME`, `APP_ID`, `SEQNO`, `DES`)
VALUES ('d29084a4-582f-4304-b1c2-4fa581e56442', '5db99a9b-3223-475d-8113-9b176989e57b', '修改区间参数明细', '40', '', 'PUT', '/v1/system/param/regions/{paramCode}', '', '', '1', 11, '');
INSERT INTO `pf_menu`(`MENU_ID`, `PARENT_MENU_ID`, `MENU_NAME`, `MENU_FLAG`, `ICON`, `METHOD`, `URL`, `SHOW_AREA`, `SHOW_PAGE_NAME`, `APP_ID`, `SEQNO`, `DES`)
VALUES ('d5664dc1-9467-4d01-beaa-d331eb2edd69', '0', '帮助、文档', '10', 'icon-30', '', '', '', '', '1', 4, '');
INSERT INTO `pf_menu`(`MENU_ID`, `PARENT_MENU_ID`, `MENU_NAME`, `MENU_FLAG`, `ICON`, `METHOD`, `URL`, `SHOW_AREA`, `SHOW_PAGE_NAME`, `APP_ID`, `SEQNO`, `DES`)
VALUES ('d5afd94d-502e-45ac-8b5a-44e7b1503173', 'fb578d4a-0146-444a-a371-8b716e0eb488', '菜单管理', '10', NULL, '', 'system/menu/menu', '', '', '1', 1, '菜单管理');
INSERT INTO `pf_menu`(`MENU_ID`, `PARENT_MENU_ID`, `MENU_NAME`, `MENU_FLAG`, `ICON`, `METHOD`, `URL`, `SHOW_AREA`, `SHOW_PAGE_NAME`, `APP_ID`, `SEQNO`, `DES`)
VALUES ('dacde4a2-61d5-4490-8324-d4a373671c8c', '768b7143-ea94-4b3a-ae5e-85a871e4bcab', '外呼系统', '10', 'aut-icon-other-fire', '', 'fit/wcall/wcall', '', '', '1', 5, '');
INSERT INTO `pf_menu`(`MENU_ID`, `PARENT_MENU_ID`, `MENU_NAME`, `MENU_FLAG`, `ICON`, `METHOD`, `URL`, `SHOW_AREA`, `SHOW_PAGE_NAME`, `APP_ID`, `SEQNO`, `DES`)
VALUES ('de99eb65-3534-486e-ac2f-9290ba6b488c', '7cebefd0-35a1-4290-8879-678a628446ee', '修改', '40', '', 'PUT', '/v1/system/users/{userId}', '', '', '1', 5, '');
INSERT INTO `pf_menu`(`MENU_ID`, `PARENT_MENU_ID`, `MENU_NAME`, `MENU_FLAG`, `ICON`, `METHOD`, `URL`, `SHOW_AREA`, `SHOW_PAGE_NAME`, `APP_ID`, `SEQNO`, `DES`)
VALUES ('e031e871-3f80-4020-8772-0d94490dcb90', '5db99a9b-3223-475d-8113-9b176989e57b', '修改枚举参数明细', '40', '', 'PUT', '/v1/system/param/enums/{paramCode}', '', '', '1', 9, '');
INSERT INTO `pf_menu`(`MENU_ID`, `PARENT_MENU_ID`, `MENU_NAME`, `MENU_FLAG`, `ICON`, `METHOD`, `URL`, `SHOW_AREA`, `SHOW_PAGE_NAME`, `APP_ID`, `SEQNO`, `DES`)
VALUES ('e1d1cc57-3ca5-4925-9e5a-b71e3510f7f5', '3ebf13e0-6d67-4c86-bc88-8d1947edd7a7', '保存用户设置', '40', '', 'PUT', '/v1/system/users/profiles', '', '', '1', 3, '');
INSERT INTO `pf_menu`(`MENU_ID`, `PARENT_MENU_ID`, `MENU_NAME`, `MENU_FLAG`, `ICON`, `METHOD`, `URL`, `SHOW_AREA`, `SHOW_PAGE_NAME`, `APP_ID`, `SEQNO`, `DES`)
VALUES ('e5720b1f-c577-4154-a554-de2200061889', '5db99a9b-3223-475d-8113-9b176989e57b', '查询参数定义列表', '40', '', 'GET', '/v1/system/param/defines', '', '', '1', 2, '');
INSERT INTO `pf_menu`(`MENU_ID`, `PARENT_MENU_ID`, `MENU_NAME`, `MENU_FLAG`, `ICON`, `METHOD`, `URL`, `SHOW_AREA`, `SHOW_PAGE_NAME`, `APP_ID`, `SEQNO`, `DES`)
VALUES ('e79a9bb9-36cc-4ecc-a40c-71e8fec2422f', '1d944201-a76d-45c9-b589-7e9816e20b63', '资源管理', '10', 'icon-33', '', 'fit/smart/repo/repo', '', '', '1', 3, '应用的资源管理，上传资源、更新资源、删除资源、资源恢复等，供应用管理员使用');
INSERT INTO `pf_menu`(`MENU_ID`, `PARENT_MENU_ID`, `MENU_NAME`, `MENU_FLAG`, `ICON`, `METHOD`, `URL`, `SHOW_AREA`, `SHOW_PAGE_NAME`, `APP_ID`, `SEQNO`, `DES`)
VALUES ('e973702f-0995-44ce-ac52-4c012431307e', '7cebefd0-35a1-4290-8879-678a628446ee', '修改时查询角色列表', '40', '', 'GET', '/v1/system/users/roles/{userId}', '', '', '1', 3, '');
INSERT INTO `pf_menu`(`MENU_ID`, `PARENT_MENU_ID`, `MENU_NAME`, `MENU_FLAG`, `ICON`, `METHOD`, `URL`, `SHOW_AREA`, `SHOW_PAGE_NAME`, `APP_ID`, `SEQNO`, `DES`)
VALUES ('eb1e2a4d-af0c-4d62-b1ff-9b77b67622b8', 'ee01b8b4-a905-48d1-af32-d117602ada10', '加载实体组别', '40', '', 'GET', '/v1/system/entitys/tree', '', '', '1', 1, '');
INSERT INTO `pf_menu`(`MENU_ID`, `PARENT_MENU_ID`, `MENU_NAME`, `MENU_FLAG`, `ICON`, `METHOD`, `URL`, `SHOW_AREA`, `SHOW_PAGE_NAME`, `APP_ID`, `SEQNO`, `DES`)
VALUES ('edc0670a-cb75-45f6-bf3d-6c9c84374f49', 'd5664dc1-9467-4d01-beaa-d331eb2edd69', '开发文档', '10', '', '', '', '', '', '1', 28, '');
INSERT INTO `pf_menu`(`MENU_ID`, `PARENT_MENU_ID`, `MENU_NAME`, `MENU_FLAG`, `ICON`, `METHOD`, `URL`, `SHOW_AREA`, `SHOW_PAGE_NAME`, `APP_ID`, `SEQNO`, `DES`)
VALUES ('ee01b8b4-a905-48d1-af32-d117602ada10', '4181290a-5fc5-4bcd-aca0-6ed92114a69e', '实体配置', '10', 'icon-220', '', 'system/entity/entity', '', '', '1', 5, '');
INSERT INTO `pf_menu`(`MENU_ID`, `PARENT_MENU_ID`, `MENU_NAME`, `MENU_FLAG`, `ICON`, `METHOD`, `URL`, `SHOW_AREA`, `SHOW_PAGE_NAME`, `APP_ID`, `SEQNO`, `DES`)
VALUES ('ef8a00b1-3b54-4717-b37f-ee3ce7ec56c2', '43520970-9635-4045-b92c-2a256da19316', '强制锁定', '40', '', 'PUT', '/v1/system/users/states/{userId}/lock', '', '', '1', 3, '');
INSERT INTO `pf_menu`(`MENU_ID`, `PARENT_MENU_ID`, `MENU_NAME`, `MENU_FLAG`, `ICON`, `METHOD`, `URL`, `SHOW_AREA`, `SHOW_PAGE_NAME`, `APP_ID`, `SEQNO`, `DES`)
VALUES ('fac98da8-b177-41b9-8872-c1d08d2832a6', '4425621d-f787-4531-899e-e4ba15115869', '查找角色列表', '40', '', 'GET', '/v1/system/roles', '', '', '1', 1, '');
INSERT INTO `pf_menu`(`MENU_ID`, `PARENT_MENU_ID`, `MENU_NAME`, `MENU_FLAG`, `ICON`, `METHOD`, `URL`, `SHOW_AREA`, `SHOW_PAGE_NAME`, `APP_ID`, `SEQNO`, `DES`)
VALUES ('fb578d4a-0146-444a-a371-8b716e0eb488', '4181290a-5fc5-4bcd-aca0-6ed92114a69e', '权限管理', '10', 'icon-371', '', '', '', '', '1', 3, '菜单管理');
INSERT INTO `pf_menu`(`MENU_ID`, `PARENT_MENU_ID`, `MENU_NAME`, `MENU_FLAG`, `ICON`, `METHOD`, `URL`, `SHOW_AREA`, `SHOW_PAGE_NAME`, `APP_ID`, `SEQNO`, `DES`)
VALUES ('fba2506d-dcd7-471b-b390-82da1146f3e3', '6f4fb14e-f1a5-4894-89a8-feb3e1909946', '获取下拉选择项数据', '30', '', 'GET', '/v1/combos/{names}', '', '', '1', 2, '');
INSERT INTO `pf_menu`(`MENU_ID`, `PARENT_MENU_ID`, `MENU_NAME`, `MENU_FLAG`, `ICON`, `METHOD`, `URL`, `SHOW_AREA`, `SHOW_PAGE_NAME`, `APP_ID`, `SEQNO`, `DES`)
VALUES ('fd233433-051f-4acb-b8a3-78a1fd7bf66d', 'd5afd94d-502e-45ac-8b5a-44e7b1503173', '加载菜单树', '40', '', 'GET', '/v1/system/menus', '', '', '1', 1, '');

INSERT INTO `pf_app_rsa_key_pair`(`APP_ID`, `PUBLIC_KEY`, `PRIVATE_KEY`)
VALUES ('1', 'MIGfMA0GCSqGSIb3DQEBAQUAA4GNADCBiQKBgQCew7yW27137YBPR4aykNFsR9jsv8ZfwOwvZ6kHXtRIGjyzIP/U/7ob28HFcrtA3XHLs+1dNALh8cotgOGNBHgvMyYqNBYKWoiOM/rrz84zaFumn/EiTaSP2bVomTPkTlw44sfJP/Bbzr4I0zrJJ29i1/C0QibR6P8VhezEEfMekQIDAQAB',
        'MIICdwIBADANBgkqhkiG9w0BAQEFAASCAmEwggJdAgEAAoGBAJ7DvJbbvXftgE9HhrKQ0WxH2Oy/xl/A7C9nqQde1EgaPLMg/9T/uhvbwcVyu0Ddccuz7V00AuHxyi2A4Y0EeC8zJio0FgpaiI4z+uvPzjNoW6af8SJNpI/ZtWiZM+ROXDjix8k/8FvOvgjTOsknb2LX8LRCJtHo/xWF7MQR8x6RAgMBAAECgYEAinCN81I7Xecomnj5WJ31L6Fa4966IWb9zLxsZPPo0dKnGV/uFZLEe2ReDElmRUKT5xfHJB2lYdZQAOvAQhIipUYbB3N0o4/S17/mm/ut7kYwgOOzp70n9eDQkAlwOh7Hv+1R2Ws68q3me1NC0ovcWcvI+R1FHYGph8OMCg5JcAECQQD5vGqItwOcOgyG8JTD5Xp04QHDoSDyUbqVSHTat9pH5PiNAtcHxD3vDbhit2d9EOo7TE19oP5MeK/A3jY3aIGRAkEAor8uvaS1JgSu9AKhis9IWE8ArNNVfq2y2v1vjaemmU0bmxoteejwnKCUoVmXayXYWK6cbt7OsZjjQjBBqXJNAQJBAIWN5ctHVH7v7FMdxfEdf+eRjUf5m4z7eDTtktCFEg7wvJtssWJN6HE3fSwNuSKBMUKVA7vzpQtwX01diNEI6oECQAg4O7YcUYHgDq4IS/xkx7SeGNyht9m0ECp7Tl0LMKDhghltUwqrNyvR+G/FxJ4GxUyFVSVMX4gcvq2jHk3elgECQDw2g4/zTGghMVd20DjpmHOsyAtzHFSSV4P7xXm2G2tfpmyjfFQe1cFn5ksKBWMHhM4tqzQ8oJK7fEjSSPbVuac=');

INSERT INTO `pf_app_profile`(`APP_ID`, `PARAM_CODE`, `PARAM_VALUE`)
VALUES ('1', 'AUTHZ_LEVEL', '1');
INSERT INTO `pf_app_profile`(`APP_ID`, `PARAM_CODE`, `PARAM_VALUE`)
VALUES ('1', 'LOCKED_TIME', '15');
INSERT INTO `pf_app_profile`(`APP_ID`, `PARAM_CODE`, `PARAM_VALUE`)
VALUES ('1', 'ONLINE_SESSION_NUM', '1');
INSERT INTO `pf_app_profile`(`APP_ID`, `PARAM_CODE`, `PARAM_VALUE`)
VALUES ('1', 'ROLE_MODE', 'MULTI');
INSERT INTO `pf_app_profile`(`APP_ID`, `PARAM_CODE`, `PARAM_VALUE`)
VALUES ('1', 'TRY_LOGIN_TIMES', '5');

INSERT INTO `pf_app_domain`(`DOMAIN_ID`, `DOMAIN_CODE`, `DOMAIN_NAME`, `SEQNO`, `DES`)
VALUES ('1', 'smartapi', 'SmartAPI2.0', 1, NULL);

INSERT INTO `pf_app_base`(`APP_ID`, `APP_CODE`, `APP_NAME`, `APP_TYPE`, `DOMAIN_ID`, `SEQNO`, `DES`)
VALUES ('1', 'smartapi-admin', 'SmartAPI 2.0管理端', 'Admin', '1', 1, NULL);

INSERT INTO `pf_app_admin`(`APP_ID`, `USER_ID`)
VALUES ('1', '323b89a7-3c2d-4e49-937f-dcf34c828083');
INSERT INTO `pf_app_admin`(`APP_ID`, `USER_ID`)
VALUES ('1', 'a4e08173-6fb1-4cd6-8fda-98ac4313f9f5');
INSERT INTO `pf_app_admin`(`APP_ID`, `USER_ID`)
VALUES ('1', 'fb2c7103-8b64-4d72-9d28-0436f5cc03e8');
